locale,source_url,target_url,type
DE,/de/blog/ab-test-affiliate-rekrutierung,/blog,301-KILL
DE,/de/blog/abmeldelink-e-mail,/blog,301-KILL
DE,/de/blog/alleinstellungsmerkmal,/blog,301-KILL
DE,/de/blog/angebote-pipelines-vertrieb,/blog,301-KILL
DE,/de/blog/apollo-vs-lemlist-vergleich,/versus/apollo-vs-lemlist,VS-REDIRECT
DE,/de/blog/aussendienst-vertrieb-infografik,/blog,301-KILL
DE,/de/blog/b2b-interessenten-beschaffung-tools,/blog/top-8-sales-prospecting-tools-for-small-business-teams,301-CONSOLIDATE
DE,/de/blog/b2b-leadgenerierung-manuell-vs-ki,/blog,301-KILL
DE,/de/blog/b2b-vertrieb-followups-ki-assistent,/blog,301-KILL
DE,/de/blog/b2b-vertrieb-skalieren-ki-plattformen,/blog,301-KILL
DE,/de/blog/b2b-vertriebsautomatisierung-leitfaden,/blog/best-ai-sales-tools,301-CONSOLIDATE
DE,/de/blog/berichte-v2,/blog,301-KILL
DE,/de/blog/beste-cold-email-software,/blog/9-best-ai-email-outreach-tools,301-CONSOLIDATE
DE,/de/blog/beste-ki-verkaufstools,/blog/best-ai-sales-tools,301-CONSOLIDATE
DE,/de/blog/betreffzeilen-cold-email-bewaehrt,/blog/500-trigger-words,301-CONSOLIDATE
DE,/de/blog/cold-e-mail-checkliste,/blog/5-main-steps-for-an-effective-cold-email-marketing-strategy,301-CONSOLIDATE
DE,/de/blog/cold-email-abgelehnt-gruende,/blog,301-KILL
DE,/de/blog/cold-email-copywriting-tipps,/blog/5-main-steps-for-an-effective-cold-email-marketing-strategy,301-CONSOLIDATE
DE,/de/blog/cold-email-regeln-datenbasiert,/blog/5-main-steps-for-an-effective-cold-email-marketing-strategy,301-CONSOLIDATE
DE,/de/blog/cold-email-software,/blog/9-best-ai-email-outreach-tools,301-CONSOLIDATE
DE,/de/blog/e-mail-anhaenge-versenden,/blog,301-KILL
DE,/de/blog/e-mail-outreach-automatisierung-b2b,/blog/9-best-ai-email-outreach-tools,301-CONSOLIDATE
DE,/de/blog/e-mail-prospecting-fehler,/blog/5-main-steps-for-an-effective-cold-email-marketing-strategy,301-CONSOLIDATE
DE,/de/blog/e-mail-wichtige-personen-kontaktieren,/blog,301-KILL
DE,/de/blog/e-mails-finden-name-organisationsdomaene,/blog/how-to-find-someone-email-address-efficiently,301-CONSOLIDATE
DE,/de/blog/e-mails-finden-verifizieren-app,/blog/how-to-find-someone-email-address-efficiently,301-CONSOLIDATE
DE,/de/blog/echtzeit-datensynchronisierung-mehrkanalkampagnen,/blog/10-best-practices-for-multi-channel-sales-campaigns,301-CONSOLIDATE
DE,/de/blog/generische-geschafts-e-mails-vermeiden,/blog/increase-reply-rate,301-CONSOLIDATE
DE,/de/blog/grundlegende-eigenschaften-sdr,/blog,301-KILL
DE,/de/blog/gute-emails-schreiben,/blog/whats-the-best-email-length-for-sales-outreach,301-CONSOLIDATE
DE,/de/blog/heyreach-bewertung,/blog/8-best-ai-linkedin-outreach-tools,301-CONSOLIDATE
DE,/de/blog/instantly-vs-lemlist-vergleich,/versus/instantly-vs-lemlist,VS-REDIRECT
DE,/de/blog/kaufer-einwande-ueberwinden,/blog/deal-objections,301-CONSOLIDATE
DE,/de/blog/ki-e-mail-writer-cold-outreach,/blog/9-best-ai-email-outreach-tools,301-CONSOLIDATE
DE,/de/blog/ki-echtzeit-datensynchronisierung-vertrieb,/blog,301-KILL
DE,/de/blog/ki-email-writer-kaltakquise,/blog/9-best-ai-email-outreach-tools,301-CONSOLIDATE
DE,/de/blog/ki-followup-planung-vertrieb,/blog,301-KILL
DE,/de/blog/ki-mehrkanalkampagnen-skalierbarkeit,/blog/10-best-practices-for-multi-channel-sales-campaigns,301-CONSOLIDATE
DE,/de/blog/ki-sdr-strategien-b2b-umsatz,/blog/11-best-ai-bdr-tools,301-CONSOLIDATE
DE,/de/blog/ki-vertrieb-ethik-richtlinien,/blog/best-ai-sales-tools,301-CONSOLIDATE
DE,/de/blog/ki-vertrieb-roi-steigern,/blog,301-KILL
DE,/de/blog/ki-vertriebs-workflow-tools,/blog/best-ai-sales-tools,301-CONSOLIDATE
DE,/de/blog/ki-vertriebsassistent-anleitung,/blog,301-KILL
DE,/de/blog/ki-vertriebstool-b2b,/blog/best-ai-sales-tools,301-CONSOLIDATE
DE,/de/blog/ki-vertriebstools-skalierbarkeit-anpassung,/blog/best-ai-sales-tools,301-CONSOLIDATE
DE,/de/blog/leadgenerierung-mitarbeiter-einstellen,/blog,301-KILL
DE,/de/blog/lemlist-vs-apollo-vergleich,/versus/lemlist-vs-apollo,VS-REDIRECT
DE,/de/blog/linkedin-outreach,/blog/8-best-ai-linkedin-outreach-tools,301-CONSOLIDATE
DE,/de/blog/listen-verbesserungen,/blog,301-KILL
DE,/de/blog/mehrere-ereignisse-tracking,/blog,301-KILL
DE,/de/blog/neue-integrationseinstellungen,/blog,301-KILL
DE,/de/blog/neues-dashboard,/blog,301-KILL
DE,/de/blog/outbound-sales-leitfaden-b2b,/blog,301-KILL
DE,/de/blog/outreach-e-mailing-fehler,/blog,301-KILL
DE,/de/blog/overloop-ai-zukunft-vertrieb,/blog/best-ai-sales-tools,301-CONSOLIDATE
DE,/de/blog/overloop-alternative-saleshandy,/versus/overloop-vs-saleshandy,VS-REDIRECT
DE,/de/blog/overloop-calendly-integration,/blog,301-KILL
DE,/de/blog/overloop-ereignisse-2020,/blog,301-KILL
DE,/de/blog/overloop-plattform-update-outbound,/blog,301-KILL
DE,/de/blog/overloop-vs-apollo-vergleich,/versus/overloop-vs-apollo,VS-REDIRECT
DE,/de/blog/overloop-vs-artisan-vergleich,/versus/overloop-vs-artisan,VS-REDIRECT
DE,/de/blog/overloop-vs-hubspot,/versus/overloop-vs-hubspot,VS-REDIRECT
DE,/de/blog/overloop-vs-instantly-vergleich,/versus/overloop-vs-instantly,VS-REDIRECT
DE,/de/blog/overloop-vs-lemlist-vergleich,/versus/overloop-vs-lemlist,VS-REDIRECT
DE,/de/blog/saas-verkaufe-weihnachtszeit,/blog,301-KILL
DE,/de/blog/salesforce-2-wege-synchronisierung,/blog,301-KILL
DE,/de/blog/schlechte-angewohnheiten-verkaeufer,/blog,301-KILL
DE,/de/blog/social-selling-beherrschen-schritte,/blog,301-KILL
DE,/de/blog/social-selling-warum-wichtig,/blog,301-KILL
DE,/de/blog/startup-gruender-fehler-vertrieb,/blog,301-KILL
DE,/de/blog/startup-gruender-vertrieb-einstieg,/blog,301-KILL
DE,/de/blog/store,/blog,301-KILL
DE,/de/blog/team-retreat-bedeutung,/blog,301-KILL
DE,/de/blog/verkaufserfolg-schlussel-vertriebskompetenz,/blog/5-rules-more-successful-salespeople,301-CONSOLIDATE
DE,/de/blog/verkaufsprospektion-automatisierung,/blog/top-8-sales-prospecting-tools-for-small-business-teams,301-CONSOLIDATE
DE,/de/blog/verkaufsprospektion-leitfaden-kaltakquise,/blog,301-KILL
DE,/de/blog/verkaufsstrategien-interessenten-analyse,/blog,301-KILL
DE,/de/blog/vertrieb-lektionen-verhandlung-fbi,/blog,301-KILL
DE,/de/blog/vertriebs-influencer-strategien,/blog,301-KILL
DE,/de/blog/vertriebsautomatisierung-account-based-marketing,/blog,301-KILL
DE,/de/blog/vertriebsautomatisierung-account-based-selling,/blog,301-KILL
DE,/de/blog/vertriebskennzahlen-unverzichtbar,/blog,301-KILL
DE,/de/blog/vertriebsleadlisten-automatisieren,/blog,301-KILL
DE,/de/blog/vertriebsleads-generierung-b2b-leitfaden,/blog/best-ai-sales-tools,301-CONSOLIDATE
DE,/de/blog/vertriebspipeline-verwalten,/blog/pre-call-planning,301-CONSOLIDATE
DE,/de/blog/vertriebsplattform-auswaehlen-outbound,/blog/best-ai-sales-tools,301-CONSOLIDATE
DE,/de/blog/vertriebsplattform-funktionen-outbound,/blog,301-KILL
DE,/de/blog/vertriebsprozess-aufbauen,/blog,301-KILL
DE,/de/blog/vertriebsprozesse-dokumentieren-automatisieren,/blog/common-sales-automation-mistakes-and-how-to-avoid-them,301-CONSOLIDATE
DE,/de/blog/vertriebssoftware-b2b-leadgenerierung,/blog,301-KILL
DE,/de/blog/vertriebstalente-anwerben-einstellen-fuehren,/blog,301-KILL
DE,/de/blog/vertriebsteam-ubernehmen-ziele-erreichen,/blog,301-KILL
DE,/de/blog/vertriebstipps-rookie-sales-reps,/blog,301-KILL
DE,/de/blog/vertriebstools-b2b-teams-leitfaden,/blog,301-KILL
DE,/de/blog/video-in-verkaufsstrategie,/blog,301-KILL
DE,/de/blog/warum-wir-diesen-blog-starten,/blog,301-KILL
DE,/de/blog/webanwendung-neugestaltung,/blog,301-KILL
EN,/blog/10-essential-b2b-prospect-sourcing-tools-for-2025-a-checklist-for-success,/blog/top-8-sales-prospecting-tools-for-small-business-teams,301-CONSOLIDATE
EN,/blog/11-sales-influencers-crush-competition,/blog,301-KILL
EN,/blog/3-essential-qualities-sdr,/blog,301-KILL
EN,/blog/3-sales-kpi,/blog,301-KILL
EN,/blog/5-deadly-email-prospecting-mistakes,/blog/5-main-steps-for-an-effective-cold-email-marketing-strategy,301-CONSOLIDATE
EN,/blog/5-reasons-deleted-cold-email,/blog,301-KILL
EN,/blog/6-cold-email-rules,/blog/5-main-steps-for-an-effective-cold-email-marketing-strategy,301-CONSOLIDATE
EN,/blog/7-bad-habits-salespeople,/blog,301-KILL
EN,/blog/7-cold-email-subject-lines,/blog/500-trigger-words,301-CONSOLIDATE
EN,/blog/7-sales-tips,/blog,301-KILL
EN,/blog/8-key-events-for-overloop-in-2020,/blog,301-KILL
EN,/blog/9-best-ai-sales-workflow-tools,/blog/best-ai-sales-tools,301-CONSOLIDATE
EN,/blog/Heyreach-Review,/blog/8-best-ai-linkedin-outreach-tools,301-CONSOLIDATE
EN,/blog/ab-testing-case-study,/blog,301-KILL
EN,/blog/ai-email-writer-revolution-how-to-use-ai-for-cold-outreach-in-outbound-sales,/blog/9-best-ai-email-outreach-tools,301-CONSOLIDATE
EN,/blog/ai-sales-tools-scalability-vs-customization,/blog,301-KILL
EN,/blog/apollo-vs-lemlist-which-prospecting-tool-wins-for-b2b-sales-teams-95e78,/versus/apollo-vs-lemlist,VS-REDIRECT
EN,/blog/attachments,/blog,301-KILL
EN,/blog/attract-hire-lead-talent,/blog,301-KILL
EN,/blog/b2b-lead-generation-manual-vs-ai-powered-methods,/blog,301-KILL
EN,/blog/best-cold-email-software,/blog/9-best-ai-email-outreach-tools,301-CONSOLIDATE
EN,/blog/calendly-integration,/blog,301-KILL
EN,/blog/cold-email-campaigns-reply-rates,/blog/increase-reply-rate,301-CONSOLIDATE
EN,/blog/cold-email-software,/blog/9-best-ai-email-outreach-tools,301-CONSOLIDATE
EN,/blog/deals-pipelines,/blog,301-KILL
EN,/blog/document-automate-sales-process,/blog,301-KILL
EN,/blog/emailing-important-people,/blog,301-KILL
EN,/blog/essential-mastering-social-selling,/blog,301-KILL
EN,/blog/ethics-of-ai-in-sales-key-challenges,/blog/best-ai-sales-tools,301-CONSOLIDATE
EN,/blog/find-and-verify-emails-within-the-app,/blog/how-to-find-someone-email-address-efficiently,301-CONSOLIDATE
EN,/blog/find-emails-with-name-organization-domain,/blog/how-to-find-someone-email-address-efficiently,301-CONSOLIDATE
EN,/blog/get-started-startup-sales,/blog,301-KILL
EN,/blog/how-ai-email-writer-technology-transforms-cold-outreach-a-case-study-on-overloop,/blog/9-best-ai-email-outreach-tools,301-CONSOLIDATE
EN,/blog/how-ai-improves-follow-up-scheduling-in-sales,/blog,301-KILL
EN,/blog/how-ai-improves-multi-channel-campaign-scalability,/blog,301-KILL
EN,/blog/how-ai-improves-real-time-data-sync-for-sales-teams,/blog,301-KILL
EN,/blog/how-ai-improves-sales-roi-over-time,/blog,301-KILL
EN,/blog/how-an-ai-sales-tool-transformed-b2b-sales-teams-case-study-and-ai-sales-tool-reviews-2025,/blog/best-ai-sales-tools,301-CONSOLIDATE
EN,/blog/how-long-build-sales-process,/blog,301-KILL
EN,/blog/how-to-automate-sales-leads-list-management-for-small-businesses-the-ultimate-guide,/blog,301-KILL
EN,/blog/how-to-master-sales-prospecting-with-overloop-s-automation-tools,/blog/top-8-sales-prospecting-tools-for-small-business-teams,301-CONSOLIDATE
EN,/blog/how-to-scale-b2b-sales-with-ai-platforms,/blog,301-KILL
EN,/blog/how-to-use-an-ai-sales-assistant-the-b2b-sales-team-s-step-by-step-guide,/blog,301-KILL
EN,/blog/how-to-use-sales-software-for-b2b-lead-generation-and-tracking-a-step-by-step-guide-for-startups,/blog,301-KILL
EN,/blog/how-to-write-good-emails,/blog/whats-the-best-email-length-for-sales-outreach,301-CONSOLIDATE
EN,/blog/increase-your-saas-sales-during-holiday-season,/blog,301-KILL
EN,/blog/instantly-vs-lemlist,/versus/instantly-vs-lemlist,VS-REDIRECT
EN,/blog/lead-generation-hire,/blog,301-KILL
EN,/blog/lemlist-vs-apollo,/versus/lemlist-vs-apollo,VS-REDIRECT
EN,/blog/linkedin-outreach,/blog/8-best-ai-linkedin-outreach-tools,301-CONSOLIDATE
EN,/blog/lists-improvements,/blog,301-KILL
EN,/blog/main-sales-objections,/blog/deal-objections,301-CONSOLIDATE
EN,/blog/manage-sales-pipeline,/blog/pre-call-planning,301-CONSOLIDATE
EN,/blog/manage-team-hit-sales-target,/blog,301-KILL
EN,/blog/multiple-events,/blog,301-KILL
EN,/blog/new-dashboard,/blog,301-KILL
EN,/blog/new-integration-settings,/blog,301-KILL
EN,/blog/not-doing-social-selling-youre-wrong,/blog,301-KILL
EN,/blog/overloop-ai-the-future-of-sales,/blog,301-KILL
EN,/blog/overloop-reshapes-outbound-workflows-with-a-simpler-more-flexible-platform-update,/blog,301-KILL
EN,/blog/overloop-vs-apollo,/versus/overloop-vs-apollo,VS-REDIRECT
EN,/blog/overloop-vs-artisan,/versus/overloop-vs-artisan,VS-REDIRECT
EN,/blog/overloop-vs-hubspot,/versus/overloop-vs-hubspot,VS-REDIRECT
EN,/blog/overloop-vs-instantly,/versus/overloop-vs-instantly,VS-REDIRECT
EN,/blog/overloop-vs-lemlist,/versus/overloop-vs-lemlist,VS-REDIRECT
EN,/blog/overloop-vs-reply,/versus/overloop-vs-reply,VS-REDIRECT
EN,/blog/overloop-vs-saleshandy,/versus/overloop-vs-saleshandy,VS-REDIRECT
EN,/blog/quick-guide-lead-generation-for-2019,/blog,301-KILL
EN,/blog/real-time-data-sync-how-it-boosts-multi-channel-campaigns,/blog,301-KILL
EN,/blog/reports-v2,/blog,301-KILL
EN,/blog/revolutionize-b2b-sales-how-to-automate-multi-channel-follow-ups-with-an-ai-email-assistant,/blog,301-KILL
EN,/blog/sales-automation-account-based-selling,/blog,301-KILL
EN,/blog/sales-lessons-fbi-hostage-negotiator,/blog,301-KILL
EN,/blog/sales-prospecting-guide-from-cold-leads-to-meetings,/blog,301-KILL
EN,/blog/sales-skills,/blog,301-KILL
EN,/blog/sales-strategies-analyse-the-prospects-that-turn-you-down,/blog,301-KILL
EN,/blog/salesforce-2-way-sync,/blog,301-KILL
EN,/blog/startup-founders-mistake-sales,/blog,301-KILL
EN,/blog/store,/blog,301-KILL
EN,/blog/team-retreat-important,/blog,301-KILL
EN,/blog/the-3-most-common-mistakes-when-it-comes-to-outreach-emailing,/blog,301-KILL
EN,/blog/the-guide-to-incorporating-video-into-your-sales-strategy,/blog,301-KILL
EN,/blog/the-sate-of-field-sales-infographic,/blog,301-KILL
EN,/blog/the-ultimate-guide-to-b2b-sales-automation-solutions-in-2025,/blog/best-ai-sales-tools,301-CONSOLIDATE
EN,/blog/the-ultimate-guide-to-choosing-a-sales-platform-for-outbound-lead-generation,/blog,301-KILL
EN,/blog/the-ultimate-guide-to-email-outreach-automation-for-b2b-sales-teams,/blog/9-best-ai-email-outreach-tools,301-CONSOLIDATE
EN,/blog/the-ultimate-guide-to-outbound-sales-strategies-software-and-success-for-b2b-companies,/blog,301-KILL
EN,/blog/the-ultimate-guide-to-sales-leads-generation-for-b2b-teams-automation-strategies-and-tools,/blog/best-ai-sales-tools,301-CONSOLIDATE
EN,/blog/the-ultimate-guide-to-sales-platform-features-and-benefits-for-outbound-lead-generation,/blog,301-KILL
EN,/blog/the-ultimate-guide-to-sales-tools-for-modern-b2b-teams-in-2025,/blog,301-KILL
EN,/blog/top-ai-sdr-strategies-to-boost-your-b2b-sales-in-2025,/blog/11-best-ai-bdr-tools,301-CONSOLIDATE
EN,/blog/ultimate-cold-email-checklist,/blog/5-main-steps-for-an-effective-cold-email-marketing-strategy,301-CONSOLIDATE
EN,/blog/unique-selling-proposition,/blog,301-KILL
EN,/blog/unsubscribe-link,/blog,301-KILL
EN,/blog/web-application-re-design,/blog,301-KILL
EN,/blog/why-are-we-starting-this-blog,/blog,301-KILL
EN,/blog/write-cold-email-make-hot,/blog/5-main-steps-for-an-effective-cold-email-marketing-strategy,301-CONSOLIDATE
ES,/es/blog/3-errores-comunes-email-outreach,/blog,301-KILL
ES,/es/blog/8-eventos-clave-overloop-2020,/blog,301-KILL
ES,/es/blog/adjuntos-overloop,/blog,301-KILL
ES,/es/blog/apollo-vs-lemlist-comparativa,/versus/apollo-vs-lemlist,VS-REDIRECT
ES,/es/blog/atraer-contratar-liderar-talento-ventas,/blog,301-KILL
ES,/es/blog/aumentar-ventas-saas-temporada-festiva,/blog,301-KILL
ES,/es/blog/automatizacion-ventas-habilitacion,/blog,301-KILL
ES,/es/blog/automatizacion-ventas-venta-basada-cuentas,/blog,301-KILL
ES,/es/blog/automatizar-seguimientos-multicanal-ia-ventas-b2b,/blog,301-KILL
ES,/es/blog/buscar-correos-electronicos-nombre,/blog/how-to-find-someone-email-address-efficiently,301-CONSOLIDATE
ES,/es/blog/calendly-integration,/blog,301-KILL
ES,/es/blog/canal-de-ventas,/blog/pre-call-planning,301-CONSOLIDATE
ES,/es/blog/checklist-email-frio,/blog/5-main-steps-for-an-effective-cold-email-marketing-strategy,301-CONSOLIDATE
ES,/es/blog/como-usar-asistente-ventas-ia-b2b,/blog,301-KILL
ES,/es/blog/como-usar-software-ventas-b2b,/blog,301-KILL
ES,/es/blog/configuracion-integracion,/blog,301-KILL
ES,/es/blog/consejos-vendedores-nuevos,/blog,301-KILL
ES,/es/blog/contratar-generacion-leads,/blog,301-KILL
ES,/es/blog/copywriting-email-frio-consejos,/blog/5-main-steps-for-an-effective-cold-email-marketing-strategy,301-CONSOLIDATE
ES,/es/blog/correo-personas-importantes,/blog,301-KILL
ES,/es/blog/cualidades-esenciales-sdr-ambicioso,/blog,301-KILL
ES,/es/blog/documentar-procesos-ventas,/blog/common-sales-automation-mistakes-and-how-to-avoid-them,301-CONSOLIDATE
ES,/es/blog/enlace-cancelar-suscripcion,/blog,301-KILL
ES,/es/blog/error-fundadores-startups-ventas,/blog,301-KILL
ES,/es/blog/errores-prospeccion-email-frio,/blog/5-main-steps-for-an-effective-cold-email-marketing-strategy,301-CONSOLIDATE
ES,/es/blog/escalar-ventas-b2b-ia,/blog,301-KILL
ES,/es/blog/escribir-correos-electronicos,/blog/whats-the-best-email-length-for-sales-outreach,301-CONSOLIDATE
ES,/es/blog/escritores-correo-electronico-ia,/blog/9-best-ai-email-outreach-tools,301-CONSOLIDATE
ES,/es/blog/estado-ventas-campo-infografia,/blog,301-KILL
ES,/es/blog/estrategias-ia-sdr-ventas-b2b,/blog/11-best-ai-bdr-tools,301-CONSOLIDATE
ES,/es/blog/estrategias-ventas-analizar-prospectos,/blog,301-KILL
ES,/es/blog/etica-ia-ventas,/blog/best-ai-sales-tools,301-CONSOLIDATE
ES,/es/blog/generacion-leads-b2b,/blog,301-KILL
ES,/es/blog/gestion-listas-leads-ventas,/blog,301-KILL
ES,/es/blog/guia-automatizacion-email-outreach-b2b,/blog/9-best-ai-email-outreach-tools,301-CONSOLIDATE
ES,/es/blog/guia-automatizacion-ventas-b2b-2025,/blog/best-ai-sales-tools,301-CONSOLIDATE
ES,/es/blog/guia-completa-heyreach,/blog/8-best-ai-linkedin-outreach-tools,301-CONSOLIDATE
ES,/es/blog/guia-elegir-plataforma-ventas-salientes,/blog/best-ai-sales-tools,301-CONSOLIDATE
ES,/es/blog/guia-generacion-leads-ventas-b2b,/blog/best-ai-sales-tools,301-CONSOLIDATE
ES,/es/blog/guia-herramientas-ventas-equipos-b2b,/blog,301-KILL
ES,/es/blog/guia-incorporar-video-estrategia-ventas,/blog,301-KILL
ES,/es/blog/guia-plataformas-ventas-generacion-leads,/blog,301-KILL
ES,/es/blog/guia-prospeccion-ventas,/blog,301-KILL
ES,/es/blog/guia-ventas-salientes-b2b,/blog,301-KILL
ES,/es/blog/habilidades-ventas,/blog/5-rules-more-successful-salespeople,301-CONSOLIDATE
ES,/es/blog/herramienta-ia-ventas-b2b-caso-estudio,/blog/best-ai-sales-tools,301-CONSOLIDATE
ES,/es/blog/herramientas-prospeccion-b2b-checklist,/blog/top-8-sales-prospecting-tools-for-small-business-teams,301-CONSOLIDATE
ES,/es/blog/herramientas-ventas-ia,/blog/best-ai-sales-tools,301-CONSOLIDATE
ES,/es/blog/ia-campanas-multicanal,/blog/10-best-practices-for-multi-channel-sales-campaigns,301-CONSOLIDATE
ES,/es/blog/ia-correo-electronico-divulgacion-fria,/blog/9-best-ai-email-outreach-tools,301-CONSOLIDATE
ES,/es/blog/ia-roi-ventas,/blog,301-KILL
ES,/es/blog/ia-seguimiento-ventas,/blog,301-KILL
ES,/es/blog/influencers-ventas-como-destacar-competencia,/blog,301-KILL
ES,/es/blog/informes-ventas,/blog,301-KILL
ES,/es/blog/instantly-vs-lemlist-comparativa,/versus/instantly-vs-lemlist,VS-REDIRECT
ES,/es/blog/lecciones-ventas-negociador-fbi,/blog,301-KILL
ES,/es/blog/lemlist-vs-apollo-comparativa,/versus/lemlist-vs-apollo,VS-REDIRECT
ES,/es/blog/liderar-equipo-ventas,/blog,301-KILL
ES,/es/blog/lineas-asunto-correo-frio,/blog/500-trigger-words,301-CONSOLIDATE
ES,/es/blog/malos-habitos-vendedores,/blog,301-KILL
ES,/es/blog/mejor-software-correo-frio,/blog/9-best-ai-email-outreach-tools,301-CONSOLIDATE
ES,/es/blog/mejoras-listas,/blog,301-KILL
ES,/es/blog/mejores-herramientas-ia-ventas,/blog/best-ai-sales-tools,301-CONSOLIDATE
ES,/es/blog/mejores-herramientas-workflow-ventas-ia,/blog/best-ai-sales-tools,301-CONSOLIDATE
ES,/es/blog/metricas-ventas-imprescindibles,/blog,301-KILL
ES,/es/blog/nuevo-panel,/blog,301-KILL
ES,/es/blog/objeciones-compradores,/blog/deal-objections,301-CONSOLIDATE
ES,/es/blog/ofertas-pipelines,/blog,301-KILL
ES,/es/blog/overloop-ai-ventas,/blog/best-ai-sales-tools,301-CONSOLIDATE
ES,/es/blog/overloop-nueva-plataforma-workflows-salientes,/blog,301-KILL
ES,/es/blog/overloop-vs-apollo-comparativa,/versus/overloop-vs-apollo,VS-REDIRECT
ES,/es/blog/overloop-vs-artisan-comparativa,/versus/overloop-vs-artisan,VS-REDIRECT
ES,/es/blog/overloop-vs-instantly-comparativa,/versus/overloop-vs-instantly,VS-REDIRECT
ES,/es/blog/overloop-vs-lemlist-comparativa,/versus/overloop-vs-lemlist,VS-REDIRECT
ES,/es/blog/overloop-vs-saleshandy,/versus/overloop-vs-saleshandy,VS-REDIRECT
ES,/es/blog/por-que-iniciamos-este-blog,/blog,301-KILL
ES,/es/blog/proceso-de-ventas,/blog,301-KILL
ES,/es/blog/propuesta-unica-de-venta,/blog,301-KILL
ES,/es/blog/prospeccion-ventas-ia,/blog/top-8-sales-prospecting-tools-for-small-business-teams,301-CONSOLIDATE
ES,/es/blog/pruebas-ab-reclutamiento-afiliados,/blog,301-KILL
ES,/es/blog/razones-elimine-tu-email-frio,/blog,301-KILL
ES,/es/blog/rediseno-aplicacion-web,/blog,301-KILL
ES,/es/blog/reglas-correo-frio,/blog/5-main-steps-for-an-effective-cold-email-marketing-strategy,301-CONSOLIDATE
ES,/es/blog/retiro-equipo-importancia,/blog,301-KILL
ES,/es/blog/salesforce-sincronizacion-bidireccional,/blog,301-KILL
ES,/es/blog/seguimiento-multiples-eventos,/blog,301-KILL
ES,/es/blog/sincronizacion-datos-campanas-multicanal,/blog/10-best-practices-for-multi-channel-sales-campaigns,301-CONSOLIDATE
ES,/es/blog/sincronizacion-datos-tiempo-real,/blog,301-KILL
ES,/es/blog/software-prospeccion-email,/blog/9-best-ai-email-outreach-tools,301-CONSOLIDATE
ES,/es/blog/tasas-respuesta-campanas-cold-email,/blog/increase-reply-rate,301-CONSOLIDATE
ES,/es/blog/tienda-integraciones-overloop,/blog,301-KILL
ES,/es/blog/venta-social,/blog,301-KILL
ES,/es/blog/ventas-sociales,/blog,301-KILL
ES,/es/blog/ventas-startups,/blog,301-KILL
ES,/es/blog/verificar-correos-electronicos,/blog/how-to-find-someone-email-address-efficiently,301-CONSOLIDATE
FR,/fr/blog/ameliorations-listes,/blog,301-KILL
FR,/fr/blog/apollo-vs-lemlist-comparatif-prospection,/versus/apollo-vs-lemlist,VS-REDIRECT
FR,/fr/blog/assistant-commercial-ia-guide-b2b,/blog,301-KILL
FR,/fr/blog/attirer-recruter-talents-commerciaux,/blog,301-KILL
FR,/fr/blog/automatisation-emails-ventes,/blog/email-automation,301-CONSOLIDATE
FR,/fr/blog/automatisation-prospection-email-b2b,/blog/9-best-ai-email-outreach-tools,301-CONSOLIDATE
FR,/fr/blog/automatisation-vente-account-based-selling,/blog,301-KILL
FR,/fr/blog/automatisation-ventes-b2b,/blog/best-ai-sales-tools,301-CONSOLIDATE
FR,/fr/blog/automatiser-gestion-listes-prospects-pme,/blog,301-KILL
FR,/fr/blog/boutique,/blog,301-KILL
FR,/fr/blog/campagnes-cold-email-taux-reponse,/blog/increase-reply-rate,301-CONSOLIDATE
FR,/fr/blog/checklist-email-froid,/blog/5-main-steps-for-an-effective-cold-email-marketing-strategy,301-CONSOLIDATE
FR,/fr/blog/checklist-outils-sdr-ia,/blog/the-ultimate-checklist-for-selecting-the-best-ai-sdr-tools-in-2025,301-CONSOLIDATE
FR,/fr/blog/cles-succes-vente,/blog/5-rules-more-successful-salespeople,301-CONSOLIDATE
FR,/fr/blog/comparaison-plateformes-engagement-commercial,/blog/sales-engagement-platforms-compared-top-sales-engagement-platforms-2025-versus-guide,301-CONSOLIDATE
FR,/fr/blog/conseils-commerciaux-debutants,/blog,301-KILL
FR,/fr/blog/conseils-emails-commerciaux-conclure-ventes,/blog/sales-email-tips-to-help-you-close-more-deals,301-CONSOLIDATE
FR,/fr/blog/conseils-prospection-commerciale-pipeline,/blog/10-proven-sales-prospecting-tips-to-boost-your-pipeline-fast,301-CONSOLIDATE
FR,/fr/blog/construire-processus-vente,/blog,301-KILL
FR,/fr/blog/copywriting-cold-email-conseils,/blog/5-main-steps-for-an-effective-cold-email-marketing-strategy,301-CONSOLIDATE
FR,/fr/blog/demarrer-ventes-fondateur-startup,/blog,301-KILL
FR,/fr/blog/developper-ventes-b2b-ia,/blog,301-KILL
FR,/fr/blog/documenter-processus-vente-automatisation,/blog/common-sales-automation-mistakes-and-how-to-avoid-them,301-CONSOLIDATE
FR,/fr/blog/email-personnes-influentes-conseils,/blog,301-KILL
FR,/fr/blog/erreurs-automatisation-ventes,/blog/common-sales-automation-mistakes-and-how-to-avoid-them,301-CONSOLIDATE
FR,/fr/blog/erreurs-outreach-email,/blog,301-KILL
FR,/fr/blog/erreurs-prospection-email-eviter,/blog/5-main-steps-for-an-effective-cold-email-marketing-strategy,301-CONSOLIDATE
FR,/fr/blog/erreurs-ventes-fondateurs-startup,/blog,301-KILL
FR,/fr/blog/etapes-essentielles-maitriser-social-selling,/blog,301-KILL
FR,/fr/blog/etat-ventes-terrain,/blog,301-KILL
FR,/fr/blog/ethique-ia-ventes,/blog/best-ai-sales-tools,301-CONSOLIDATE
FR,/fr/blog/evenements-cles-overloop,/blog,301-KILL
FR,/fr/blog/flux-travail-generation-prospects-evolutifs,/blog/how-to-build-scalable-lead-generation-workflows,301-CONSOLIDATE
FR,/fr/blog/generation-leads-b2b-manuel-vs-ia,/blog,301-KILL
FR,/fr/blog/generation-leads-vente-b2b,/blog/best-ai-sales-tools,301-CONSOLIDATE
FR,/fr/blog/gerer-deals-pipeline-crm,/blog,301-KILL
FR,/fr/blog/gerer-pipeline-ventes,/blog/pre-call-planning,301-CONSOLIDATE
FR,/fr/blog/guide-prospection-commerciale,/blog,301-KILL
FR,/fr/blog/heyreach-avis,/blog/8-best-ai-linkedin-outreach-tools,301-CONSOLIDATE
FR,/fr/blog/ia-ameliore-roi-ventes,/blog,301-KILL
FR,/fr/blog/ia-campagnes-multicanal-scalabilite,/blog/10-best-practices-for-multi-channel-sales-campaigns,301-CONSOLIDATE
FR,/fr/blog/ia-planification-suivi-ventes,/blog,301-KILL
FR,/fr/blog/ia-redacteur-emails-cold-outreach-ventes,/blog/9-best-ai-email-outreach-tools,301-CONSOLIDATE
FR,/fr/blog/ia-redaction-emails-cold-outreach,/blog/9-best-ai-email-outreach-tools,301-CONSOLIDATE
FR,/fr/blog/ia-synchronisation-donnees-ventes,/blog,301-KILL
FR,/fr/blog/importance-seminaire-equipe,/blog,301-KILL
FR,/fr/blog/indicateurs-cles-performance-vente,/blog,301-KILL
FR,/fr/blog/influenceurs-vente-strategies-gagnantes,/blog,301-KILL
FR,/fr/blog/instantly-vs-lemlist,/versus/instantly-vs-lemlist,VS-REDIRECT
FR,/fr/blog/integration-calendly,/blog,301-KILL
FR,/fr/blog/lancement-blog,/blog,301-KILL
FR,/fr/blog/lead-generation-hire,/blog,301-KILL
FR,/fr/blog/lecons-vente-negociation-fbi,/blog,301-KILL
FR,/fr/blog/lemlist-vs-apollo,/versus/lemlist-vs-apollo,VS-REDIRECT
FR,/fr/blog/lien-desabonnement,/blog,301-KILL
FR,/fr/blog/lignes-objet-cold-email-performantes,/blog/500-trigger-words,301-CONSOLIDATE
FR,/fr/blog/logiciel-vente-generation-leads-b2b,/blog,301-KILL
FR,/fr/blog/maitriser-prospection-commerciale-automatisation,/blog/top-8-sales-prospecting-tools-for-small-business-teams,301-CONSOLIDATE
FR,/fr/blog/mauvaises-habitudes-vendeurs,/blog,301-KILL
FR,/fr/blog/meilleur-logiciel-cold-email,/blog/9-best-ai-email-outreach-tools,301-CONSOLIDATE
FR,/fr/blog/meilleures-lignes-objet-emails-vente,/blog/best-subject-lines-for-sales-emails,301-CONSOLIDATE
FR,/fr/blog/meilleurs-outils-ia-ventes,/blog/best-ai-sales-tools,301-CONSOLIDATE
FR,/fr/blog/meilleurs-outils-outreach-multicanal-ia,/blog/9-best-ai-multichannel-outreach-tools,301-CONSOLIDATE
FR,/fr/blog/meilleurs-outils-workflow-ventes-ia,/blog/best-ai-sales-tools,301-CONSOLIDATE
FR,/fr/blog/multiple-events,/blog,301-KILL
FR,/fr/blog/nouveau-tableau-de-bord,/blog,301-KILL
FR,/fr/blog/nouveaux-parametres-integration,/blog,301-KILL
FR,/fr/blog/objections-acheteurs,/blog/deal-objections,301-CONSOLIDATE
FR,/fr/blog/outil-ia-ventes-b2b-etude-cas,/blog/best-ai-sales-tools,301-CONSOLIDATE
FR,/fr/blog/outils-ia-ventes-roi-indicateurs,/blog/ai-sales-tools-roi-key-metrics-to-track,301-CONSOLIDATE
FR,/fr/blog/outils-ia-ventes-scalabilite-vs-personnalisation,/blog/best-ai-sales-tools,301-CONSOLIDATE
FR,/fr/blog/outils-sourcing-prospects-b2b-essentiels,/blog/top-8-sales-prospecting-tools-for-small-business-teams,301-CONSOLIDATE
FR,/fr/blog/outils-vente-b2b,/blog,301-KILL
FR,/fr/blog/overloop-ai-avenir-ventes,/blog/best-ai-sales-tools,301-CONSOLIDATE
FR,/fr/blog/overloop-ou-saleshandy,/versus/overloop-vs-saleshandy,VS-REDIRECT
FR,/fr/blog/overloop-vs-apollo,/versus/overloop-vs-apollo,VS-REDIRECT
FR,/fr/blog/overloop-vs-artisan,/versus/overloop-vs-artisan,VS-REDIRECT
FR,/fr/blog/overloop-vs-hubspot,/versus/overloop-vs-hubspot,VS-REDIRECT
FR,/fr/blog/overloop-vs-instantly,/versus/overloop-vs-instantly,VS-REDIRECT
FR,/fr/blog/overloop-vs-lemlist,/versus/overloop-vs-lemlist,VS-REDIRECT
FR,/fr/blog/overloop-vs-reply,/versus/overloop-vs-reply,VS-REDIRECT
FR,/fr/blog/pieces-jointes-emails,/blog,301-KILL
FR,/fr/blog/plateforme-vente-prospection,/blog,301-KILL
FR,/fr/blog/prendre-rendez-vous-vente,/blog/sales-appointment-setting,301-CONSOLIDATE
FR,/fr/blog/proposition-vente-unique-usp,/blog,301-KILL
FR,/fr/blog/prospection-linkedin-obtenir-reponses,/blog/8-best-ai-linkedin-outreach-tools,301-CONSOLIDATE
FR,/fr/blog/qualites-essentielles-sdr-commercial,/blog,301-KILL
FR,/fr/blog/raisons-processus-vente-defaillant,/blog/6-reasons-sales-process-broken,301-CONSOLIDATE
FR,/fr/blog/rapports-v2,/blog,301-KILL
FR,/fr/blog/rediger-bons-emails,/blog/whats-the-best-email-length-for-sales-outreach,301-CONSOLIDATE
FR,/fr/blog/refonte-application-web,/blog,301-KILL
FR,/fr/blog/regles-cold-email-efficaces,/blog/5-main-steps-for-an-effective-cold-email-marketing-strategy,301-CONSOLIDATE
FR,/fr/blog/reprendre-equipe-vente-objectifs,/blog,301-KILL
FR,/fr/blog/social-selling-pourquoi-vous-devriez,/blog,301-KILL
FR,/fr/blog/strategies-sdr-ia,/blog/11-best-ai-bdr-tools,301-CONSOLIDATE
FR,/fr/blog/strategies-vente-analyser-prospects,/blog,301-KILL
FR,/fr/blog/supprimer-cold-email-raisons,/blog,301-KILL
FR,/fr/blog/synchronisation-bidirectionnelle-calesforce,/blog,301-KILL
FR,/fr/blog/synchronisation-donnees-temps-reel-campagnes,/blog/10-best-practices-for-multi-channel-sales-campaigns,301-CONSOLIDATE
FR,/fr/blog/test-ab-recrutement,/blog,301-KILL
FR,/fr/blog/trouver-emails-nom-domaine-entreprise,/blog/how-to-find-someone-email-address-efficiently,301-CONSOLIDATE
FR,/fr/blog/trouver-verifier-emails-application,/blog/how-to-find-someone-email-address-efficiently,301-CONSOLIDATE
FR,/fr/blog/vente-sortante-b2b,/blog,301-KILL
FR,/fr/blog/ventes-saas-fetes-fin-annee,/blog,301-KILL
FR,/fr/blog/video-strategie-vente,/blog,301-KILL
IT,/it/blog/ab-testing-affiliati,/blog,301-KILL
IT,/it/blog/aggiornamento-piattaforma-overloop,/blog,301-KILL
IT,/it/blog/ai-campagne-multicanale-scalabilita,/blog/10-best-practices-for-multi-channel-sales-campaigns,301-CONSOLIDATE
IT,/it/blog/ai-email-writer-cold-outreach,/blog/9-best-ai-email-outreach-tools,301-CONSOLIDATE
IT,/it/blog/ai-email-writer-cold-outreach-caso-studio,/blog/9-best-ai-email-outreach-tools,301-CONSOLIDATE
IT,/it/blog/ai-follow-up-vendite,/blog,301-KILL
IT,/it/blog/ai-migliorare-roi-vendite,/blog,301-KILL
IT,/it/blog/ai-sincronizzazione-dati-vendite,/blog,301-KILL
IT,/it/blog/ai-vendite-scalabilita-personalizzazione,/blog/best-ai-sales-tools,301-CONSOLIDATE
IT,/it/blog/allegati-email,/blog,301-KILL
IT,/it/blog/analisi-prospect-rifiuti,/blog,301-KILL
IT,/it/blog/apollo-vs-lemlist,/versus/apollo-vs-lemlist,VS-REDIRECT
IT,/it/blog/assumere-lead-generation,/blog,301-KILL
IT,/it/blog/attrarre-assumere-talenti-vendite,/blog,301-KILL
IT,/it/blog/automazione-email-outreach-b2b,/blog/9-best-ai-email-outreach-tools,301-CONSOLIDATE
IT,/it/blog/automazione-vendite-account-based,/blog,301-KILL
IT,/it/blog/automazione-vendite-b2b,/blog/best-ai-sales-tools,301-CONSOLIDATE
IT,/it/blog/cattive-abitudini-venditori,/blog,301-KILL
IT,/it/blog/checklist-cold-email,/blog/5-main-steps-for-an-effective-cold-email-marketing-strategy,301-CONSOLIDATE
IT,/it/blog/come-usare-assistente-vendite-ai,/blog,301-KILL
IT,/it/blog/competenze-vendita-successo,/blog/5-rules-more-successful-salespeople,301-CONSOLIDATE
IT,/it/blog/consigli-venditori-principianti,/blog,301-KILL
IT,/it/blog/copywriting-cold-email,/blog/5-main-steps-for-an-effective-cold-email-marketing-strategy,301-CONSOLIDATE
IT,/it/blog/costruire-processo-vendita,/blog,301-KILL
IT,/it/blog/documentare-automatizzare-processo-vendita,/blog/common-sales-automation-mistakes-and-how-to-avoid-them,301-CONSOLIDATE
IT,/it/blog/email-a-persone-importanti,/blog,301-KILL
IT,/it/blog/email-aziendali-generiche,/blog/increase-reply-rate,301-CONSOLIDATE
IT,/it/blog/errori-comuni-email-outreach,/blog,301-KILL
IT,/it/blog/errori-fondatori-startup-vendite,/blog,301-KILL
IT,/it/blog/errori-prospezione-email,/blog/5-main-steps-for-an-effective-cold-email-marketing-strategy,301-CONSOLIDATE
IT,/it/blog/etica-ai-nelle-vendite,/blog/best-ai-sales-tools,301-CONSOLIDATE
IT,/it/blog/eventi-overloop,/blog,301-KILL
IT,/it/blog/follow-up-multicanale-ai,/blog,301-KILL
IT,/it/blog/funzionalita-piattaforma-vendite,/blog,301-KILL
IT,/it/blog/generazione-lead-b2b-ai,/blog,301-KILL
IT,/it/blog/gestione-liste-lead-automatizzata,/blog,301-KILL
IT,/it/blog/gestire-pipeline-vendite,/blog/pre-call-planning,301-CONSOLIDATE
IT,/it/blog/gestire-team-vendite-obiettivi,/blog,301-KILL
IT,/it/blog/guida-lead-generation-b2b,/blog/best-ai-sales-tools,301-CONSOLIDATE
IT,/it/blog/guida-prospezione-vendite,/blog,301-KILL
IT,/it/blog/guida-vendite-outbound-b2b,/blog,301-KILL
IT,/it/blog/heyreach-recensione-linkedin,/blog/8-best-ai-linkedin-outreach-tools,301-CONSOLIDATE
IT,/it/blog/importanza-ritiro-di-team,/blog,301-KILL
IT,/it/blog/impostazioni-integrazione,/blog,301-KILL
IT,/it/blog/influencer-vendite,/blog,301-KILL
IT,/it/blog/iniziare-vendite-startup,/blog,301-KILL
IT,/it/blog/instantly-vs-lemlist,/versus/instantly-vs-lemlist,VS-REDIRECT
IT,/it/blog/integrazione-calendly,/blog,301-KILL
IT,/it/blog/lemlist-vs-apollo,/versus/lemlist-vs-apollo,VS-REDIRECT
IT,/it/blog/lezioni-vendita-fbi,/blog,301-KILL
IT,/it/blog/link-disiscrizione,/blog,301-KILL
IT,/it/blog/metriche-vendite-chiave,/blog,301-KILL
IT,/it/blog/miglior-software-cold-email,/blog/9-best-ai-email-outreach-tools,301-CONSOLIDATE
IT,/it/blog/miglioramenti-liste,/blog,301-KILL
IT,/it/blog/migliori-strumenti-ai-vendite,/blog/best-ai-sales-tools,301-CONSOLIDATE
IT,/it/blog/nuova-dashboard,/blog,301-KILL
IT,/it/blog/obiezioni-acquirenti-strategie,/blog/deal-objections,301-CONSOLIDATE
IT,/it/blog/oggetto-email-vendita-efficace,/blog/500-trigger-words,301-CONSOLIDATE
IT,/it/blog/outreach-linkedin-risposte,/blog/8-best-ai-linkedin-outreach-tools,301-CONSOLIDATE
IT,/it/blog/overloop-ai-futuro-vendite,/blog/best-ai-sales-tools,301-CONSOLIDATE
IT,/it/blog/overloop-vs-apollo,/versus/overloop-vs-apollo,VS-REDIRECT
IT,/it/blog/overloop-vs-artisan,/versus/overloop-vs-artisan,VS-REDIRECT
IT,/it/blog/overloop-vs-hubspot,/versus/overloop-vs-hubspot,VS-REDIRECT
IT,/it/blog/overloop-vs-instantly,/versus/overloop-vs-instantly,VS-REDIRECT
IT,/it/blog/overloop-vs-lemlist,/versus/overloop-vs-lemlist,VS-REDIRECT
IT,/it/blog/overloop-vs-saleshandy,/versus/overloop-vs-saleshandy,VS-REDIRECT
IT,/it/blog/perche-blog-vendite,/blog,301-KILL
IT,/it/blog/perche-eliminano-cold-email,/blog,301-KILL
IT,/it/blog/piattaforma-vendite-outbound,/blog/best-ai-sales-tools,301-CONSOLIDATE
IT,/it/blog/pipeline-trattative,/blog,301-KILL
IT,/it/blog/proposta-di-valore-unica,/blog,301-KILL
IT,/it/blog/prospezione-vendite-automazione,/blog/top-8-sales-prospecting-tools-for-small-business-teams,301-CONSOLIDATE
IT,/it/blog/qualita-sdr-ambizioso,/blog,301-KILL
IT,/it/blog/rapporti-v2,/blog,301-KILL
IT,/it/blog/regole-cold-email,/blog/5-main-steps-for-an-effective-cold-email-marketing-strategy,301-CONSOLIDATE
IT,/it/blog/riprogettazione-applicazione-web,/blog,301-KILL
IT,/it/blog/scalare-vendite-b2b-ai,/blog,301-KILL
IT,/it/blog/scrivere-email-efficaci,/blog/whats-the-best-email-length-for-sales-outreach,301-CONSOLIDATE
IT,/it/blog/sincronizzazione-dati-campagne-multicanale,/blog/10-best-practices-for-multi-channel-sales-campaigns,301-CONSOLIDATE
IT,/it/blog/social-selling-b2b,/blog,301-KILL
IT,/it/blog/social-selling-strategie,/blog,301-KILL
IT,/it/blog/software-cold-email-b2b,/blog/9-best-ai-email-outreach-tools,301-CONSOLIDATE
IT,/it/blog/software-vendite-lead-generation-b2b,/blog,301-KILL
IT,/it/blog/stato-del-field-sales,/blog,301-KILL
IT,/it/blog/store,/blog,301-KILL
IT,/it/blog/strategie-ai-sdr-b2b,/blog/11-best-ai-bdr-tools,301-CONSOLIDATE
IT,/it/blog/strumenti-ai-vendite-b2b-caso-studio,/blog/best-ai-sales-tools,301-CONSOLIDATE
IT,/it/blog/strumenti-ricerca-prospect-b2b,/blog/top-8-sales-prospecting-tools-for-small-business-teams,301-CONSOLIDATE
IT,/it/blog/strumenti-vendite-b2b-moderni,/blog,301-KILL
IT,/it/blog/strumenti-workflow-vendite-ai,/blog/best-ai-sales-tools,301-CONSOLIDATE
IT,/it/blog/sync-salesforce-bidirezionale,/blog,301-KILL
IT,/it/blog/tracciamento-eventi-multipli,/blog,301-KILL
IT,/it/blog/trovare-email-da-nome-dominio,/blog/how-to-find-someone-email-address-efficiently,301-CONSOLIDATE
IT,/it/blog/trovare-verificare-email,/blog/how-to-find-someone-email-address-efficiently,301-CONSOLIDATE
IT,/it/blog/vendite-saas-stagionali,/blog,301-KILL
IT,/it/blog/video-nella-strategia-vendite,/blog,301-KILL
OTHER,/domain-health,/tools/domain-health,TOOLS-REDIRECT
OTHER,/infrastructure-calculator,/tools/infrastructure-calculator,TOOLS-REDIRECT
OTHER,/playbooks,/playbooks/,TOOLS-REDIRECT
OTHER,/prompt-builder,/tools/prompt-builder,TOOLS-REDIRECT
OTHER,/roi-calculator,/tools/roi-calculator,TOOLS-REDIRECT
OTHER,/spam-checker,/tools/spam-checker,TOOLS-REDIRECT
TOOLS,/playbooks/branding-design,/playbooks/branding-design,TOOLS-REDIRECT
TOOLS,/playbooks/consulting-firms,/playbooks/consulting-firms,TOOLS-REDIRECT
TOOLS,/playbooks/content-marketing,/playbooks/content-marketing,TOOLS-REDIRECT
TOOLS,/playbooks/dev-product-studios,/playbooks/dev-product-studios,TOOLS-REDIRECT
TOOLS,/playbooks/digital-web-agencies,/playbooks/digital-web-agencies,TOOLS-REDIRECT
TOOLS,/playbooks/ecommerce-b2b,/playbooks/ecommerce-b2b,TOOLS-REDIRECT
TOOLS,/playbooks/fintech,/playbooks/fintech,TOOLS-REDIRECT
TOOLS,/playbooks/marketing-agencies,/playbooks/marketing-agencies,TOOLS-REDIRECT
TOOLS,/playbooks/performance-paid-media,/playbooks/performance-paid-media,TOOLS-REDIRECT
TOOLS,/playbooks/pr-communications,/playbooks/pr-communications,TOOLS-REDIRECT
TOOLS,/playbooks/recruiting-staffing,/playbooks/recruiting-staffing,TOOLS-REDIRECT
TOOLS,/playbooks/saas-b2b,/playbooks/saas-b2b,TOOLS-REDIRECT
TOOLS,/playbooks/seo-agencies,/playbooks/seo-agencies,TOOLS-REDIRECT
TOOLS,/playbooks/social-media,/playbooks/social-media,TOOLS-REDIRECT
