locale,source,target,en_slug,action
de,/de/blog/ab-test-affiliate-rekrutierung,/blog,ab-testing-case-study,301-KILL
de,/de/blog/abmeldelink-e-mail,/blog,unsubscribe-link,301-KILL
de,/de/blog/alleinstellungsmerkmal,/blog,unique-selling-proposition,301-KILL
de,/de/blog/angebote-pipelines-vertrieb,/blog,deals-pipelines,301-KILL
de,/de/blog/apollo-vs-lemlist-vergleich,/versus/apollo-vs-lemlist,apollo-vs-lemlist-which-prospecting-tool-wins-for-b2b-sales-teams-95e78,VS-REDIRECT
de,/de/blog/aussendienst-vertrieb-infografik,/blog,the-sate-of-field-sales-infographic,301-KILL
de,/de/blog/b2b-interessenten-beschaffung-tools,/blog/top-8-sales-prospecting-tools-for-small-business-teams,10-essential-b2b-prospect-sourcing-tools-for-2025-a-checklist-for-success,301-CONSOLIDATE
de,/de/blog/b2b-leadgenerierung-manuell-vs-ki,/blog,b2b-lead-generation-manual-vs-ai-powered-methods,301-KILL
de,/de/blog/b2b-vertrieb-followups-ki-assistent,/blog,revolutionize-b2b-sales-how-to-automate-multi-channel-follow-ups-with-an-ai-email-assistant,301-KILL
de,/de/blog/b2b-vertrieb-skalieren-ki-plattformen,/blog,how-to-scale-b2b-sales-with-ai-platforms,301-KILL
de,/de/blog/b2b-vertriebsautomatisierung-leitfaden,/blog/best-ai-sales-tools,the-ultimate-guide-to-b2b-sales-automation-solutions-in-2025,301-KILL
de,/de/blog/berichte-v2,/blog,reports-v2,301-KILL
de,/de/blog/beste-cold-email-software,/blog/9-best-ai-email-outreach-tools,best-cold-email-software,301-KILL
de,/de/blog/beste-ki-verkaufstools,/blog/best-ai-sales-tools,best-ai-sales-tools,301-KILL
de,/de/blog/betreffzeilen-cold-email-bewaehrt,/blog/500-trigger-words,7-cold-email-subject-lines,301-KILL
de,/de/blog/cold-e-mail-checkliste,/blog/5-main-steps-for-an-effective-cold-email-marketing-strategy,ultimate-cold-email-checklist,301-KILL
de,/de/blog/cold-email-abgelehnt-gruende,/blog,5-reasons-deleted-cold-email,301-KILL
de,/de/blog/cold-email-copywriting-tipps,/blog/5-main-steps-for-an-effective-cold-email-marketing-strategy,write-cold-email-make-hot,301-KILL
de,/de/blog/cold-email-regeln-datenbasiert,/blog/5-main-steps-for-an-effective-cold-email-marketing-strategy,6-cold-email-rules,301-KILL
de,/de/blog/cold-email-software,/blog/9-best-ai-email-outreach-tools,cold-email-software,301-KILL
de,/de/blog/e-mail-anhaenge-versenden,/blog,attachments,301-KILL
de,/de/blog/e-mail-outreach-automatisierung-b2b,/blog/9-best-ai-email-outreach-tools,the-ultimate-guide-to-email-outreach-automation-for-b2b-sales-teams,301-CONSOLIDATE
de,/de/blog/e-mail-prospecting-fehler,/blog/5-main-steps-for-an-effective-cold-email-marketing-strategy,5-deadly-email-prospecting-mistakes,301-KILL
de,/de/blog/e-mail-wichtige-personen-kontaktieren,/blog,emailing-important-people,301-KILL
de,/de/blog/e-mails-finden-name-organisationsdomaene,/blog/how-to-find-someone-email-address-efficiently,find-emails-with-name-organization-domain,301-KILL
de,/de/blog/e-mails-finden-verifizieren-app,/blog/how-to-find-someone-email-address-efficiently,find-and-verify-emails-within-the-app,301-KILL
de,/de/blog/echtzeit-datensynchronisierung-mehrkanalkampagnen,/blog/10-best-practices-for-multi-channel-sales-campaigns,real-time-data-sync-how-it-boosts-multi-channel-campaigns,301-KILL
de,/de/blog/generische-geschafts-e-mails-vermeiden,/blog/increase-reply-rate,cold-email-campaigns-reply-rates,301-CONSOLIDATE
de,/de/blog/grundlegende-eigenschaften-sdr,/blog,3-essential-qualities-sdr,301-KILL
de,/de/blog/gute-emails-schreiben,/blog/whats-the-best-email-length-for-sales-outreach,how-to-write-good-emails,301-KILL
de,/de/blog/heyreach-bewertung,/blog/8-best-ai-linkedin-outreach-tools,Heyreach-Review,301-KILL
de,/de/blog/instantly-vs-lemlist-vergleich,/versus/instantly-vs-lemlist,instantly-vs-lemlist,VS-REDIRECT
de,/de/blog/kaufer-einwande-ueberwinden,/blog/deal-objections,main-sales-objections,301-CONSOLIDATE
de,/de/blog/ki-e-mail-writer-cold-outreach,/blog/9-best-ai-email-outreach-tools,ai-email-writer-revolution-how-to-use-ai-for-cold-outreach-in-outbound-sales,301-CONSOLIDATE
de,/de/blog/ki-echtzeit-datensynchronisierung-vertrieb,/blog,how-ai-improves-real-time-data-sync-for-sales-teams,301-KILL
de,/de/blog/ki-email-writer-kaltakquise,/blog/9-best-ai-email-outreach-tools,how-ai-email-writer-technology-transforms-cold-outreach-a-case-study-on-overloop,301-KILL
de,/de/blog/ki-followup-planung-vertrieb,/blog,how-ai-improves-follow-up-scheduling-in-sales,301-KILL
de,/de/blog/ki-mehrkanalkampagnen-skalierbarkeit,/blog/10-best-practices-for-multi-channel-sales-campaigns,how-ai-improves-multi-channel-campaign-scalability,301-KILL
de,/de/blog/ki-sdr-strategien-b2b-umsatz,/blog/11-best-ai-bdr-tools,top-ai-sdr-strategies-to-boost-your-b2b-sales-in-2025,301-CONSOLIDATE
de,/de/blog/ki-vertrieb-ethik-richtlinien,/blog/best-ai-sales-tools,ethics-of-ai-in-sales-key-challenges,301-KILL
de,/de/blog/ki-vertrieb-roi-steigern,/blog,how-ai-improves-sales-roi-over-time,301-KILL
de,/de/blog/ki-vertriebs-workflow-tools,/blog/best-ai-sales-tools,9-best-ai-sales-workflow-tools,301-CONSOLIDATE
de,/de/blog/ki-vertriebsassistent-anleitung,/blog,how-to-use-an-ai-sales-assistant-the-b2b-sales-team-s-step-by-step-guide,301-KILL
de,/de/blog/ki-vertriebstool-b2b,/blog/best-ai-sales-tools,how-an-ai-sales-tool-transformed-b2b-sales-teams-case-study-and-ai-sales-tool-reviews-2025,301-CONSOLIDATE
de,/de/blog/ki-vertriebstools-skalierbarkeit-anpassung,/blog/best-ai-sales-tools,ai-sales-tools-scalability-vs-customization,301-KILL
de,/de/blog/leadgenerierung-mitarbeiter-einstellen,/blog,lead-generation-hire,301-KILL
de,/de/blog/lemlist-vs-apollo-vergleich,/versus/lemlist-vs-apollo,lemlist-vs-apollo,VS-REDIRECT
de,/de/blog/linkedin-outreach,/blog/8-best-ai-linkedin-outreach-tools,linkedin-outreach,301-KILL
de,/de/blog/listen-verbesserungen,/blog,lists-improvements,301-KILL
de,/de/blog/mehrere-ereignisse-tracking,/blog,multiple-events,301-KILL
de,/de/blog/neue-integrationseinstellungen,/blog,new-integration-settings,301-KILL
de,/de/blog/neues-dashboard,/blog,new-dashboard,301-KILL
de,/de/blog/outbound-sales-leitfaden-b2b,/blog,the-ultimate-guide-to-outbound-sales-strategies-software-and-success-for-b2b-companies,301-KILL
de,/de/blog/outreach-e-mailing-fehler,/blog,the-3-most-common-mistakes-when-it-comes-to-outreach-emailing,301-KILL
de,/de/blog/overloop-ai-zukunft-vertrieb,/blog/best-ai-sales-tools,overloop-ai-the-future-of-sales,301-KILL
de,/de/blog/overloop-alternative-saleshandy,/versus/overloop-vs-saleshandy,overloop-vs-saleshandy,VS-REDIRECT
de,/de/blog/overloop-calendly-integration,/blog,calendly-integration,301-KILL
de,/de/blog/overloop-ereignisse-2020,/blog,8-key-events-for-overloop-in-2020,301-KILL
de,/de/blog/overloop-plattform-update-outbound,/blog,overloop-reshapes-outbound-workflows-with-a-simpler-more-flexible-platform-update,301-KILL
de,/de/blog/overloop-vs-apollo-vergleich,/versus/overloop-vs-apollo,overloop-vs-apollo,VS-REDIRECT
de,/de/blog/overloop-vs-artisan-vergleich,/versus/overloop-vs-artisan,overloop-vs-artisan,VS-REDIRECT
de,/de/blog/overloop-vs-hubspot,/versus/overloop-vs-hubspot,overloop-vs-hubspot,VS-REDIRECT
de,/de/blog/overloop-vs-instantly-vergleich,/versus/overloop-vs-instantly,overloop-vs-instantly,VS-REDIRECT
de,/de/blog/overloop-vs-lemlist-vergleich,/versus/overloop-vs-lemlist,overloop-vs-lemlist,VS-REDIRECT
de,/de/blog/saas-verkaufe-weihnachtszeit,/blog,increase-your-saas-sales-during-holiday-season,301-KILL
de,/de/blog/salesforce-2-wege-synchronisierung,/blog,salesforce-2-way-sync,301-KILL
de,/de/blog/schlechte-angewohnheiten-verkaeufer,/blog,7-bad-habits-salespeople,301-KILL
de,/de/blog/social-selling-beherrschen-schritte,/blog,essential-mastering-social-selling,301-KILL
de,/de/blog/social-selling-warum-wichtig,/blog,not-doing-social-selling-youre-wrong,301-KILL
de,/de/blog/startup-gruender-fehler-vertrieb,/blog,startup-founders-mistake-sales,301-KILL
de,/de/blog/startup-gruender-vertrieb-einstieg,/blog,get-started-startup-sales,301-KILL
de,/de/blog/store,/blog,store,301-KILL
de,/de/blog/team-retreat-bedeutung,/blog,team-retreat-important,301-KILL
de,/de/blog/verkaufserfolg-schlussel-vertriebskompetenz,/blog/5-rules-more-successful-salespeople,sales-skills,301-KILL
de,/de/blog/verkaufsprospektion-automatisierung,/blog/top-8-sales-prospecting-tools-for-small-business-teams,how-to-master-sales-prospecting-with-overloop-s-automation-tools,301-KILL
de,/de/blog/verkaufsprospektion-leitfaden-kaltakquise,/blog,sales-prospecting-guide-from-cold-leads-to-meetings,301-KILL
de,/de/blog/verkaufsstrategien-interessenten-analyse,/blog,sales-strategies-analyse-the-prospects-that-turn-you-down,301-KILL
de,/de/blog/vertrieb-lektionen-verhandlung-fbi,/blog,sales-lessons-fbi-hostage-negotiator,301-KILL
de,/de/blog/vertriebs-influencer-strategien,/blog,11-sales-influencers-crush-competition,301-KILL
de,/de/blog/vertriebsautomatisierung-account-based-marketing,/blog,quick-guide-lead-generation-for-2019,301-KILL
de,/de/blog/vertriebsautomatisierung-account-based-selling,/blog,sales-automation-account-based-selling,301-KILL
de,/de/blog/vertriebskennzahlen-unverzichtbar,/blog,3-sales-kpi,301-KILL
de,/de/blog/vertriebsleadlisten-automatisieren,/blog,how-to-automate-sales-leads-list-management-for-small-businesses-the-ultimate-guide,301-KILL
de,/de/blog/vertriebsleads-generierung-b2b-leitfaden,/blog/best-ai-sales-tools,the-ultimate-guide-to-sales-leads-generation-for-b2b-teams-automation-strategies-and-tools,301-CONSOLIDATE
de,/de/blog/vertriebspipeline-verwalten,/blog/pre-call-planning,manage-sales-pipeline,301-KILL
de,/de/blog/vertriebsplattform-auswaehlen-outbound,/blog/best-ai-sales-tools,the-ultimate-guide-to-choosing-a-sales-platform-for-outbound-lead-generation,301-KILL
de,/de/blog/vertriebsplattform-funktionen-outbound,/blog,the-ultimate-guide-to-sales-platform-features-and-benefits-for-outbound-lead-generation,301-KILL
de,/de/blog/vertriebsprozess-aufbauen,/blog,how-long-build-sales-process,301-KILL
de,/de/blog/vertriebsprozesse-dokumentieren-automatisieren,/blog/common-sales-automation-mistakes-and-how-to-avoid-them,document-automate-sales-process,301-KILL
de,/de/blog/vertriebssoftware-b2b-leadgenerierung,/blog,how-to-use-sales-software-for-b2b-lead-generation-and-tracking-a-step-by-step-guide-for-startups,301-KILL
de,/de/blog/vertriebstalente-anwerben-einstellen-fuehren,/blog,attract-hire-lead-talent,301-KILL
de,/de/blog/vertriebsteam-ubernehmen-ziele-erreichen,/blog,manage-team-hit-sales-target,301-KILL
de,/de/blog/vertriebstipps-rookie-sales-reps,/blog,7-sales-tips,301-KILL
de,/de/blog/vertriebstools-b2b-teams-leitfaden,/blog,the-ultimate-guide-to-sales-tools-for-modern-b2b-teams-in-2025,301-KILL
de,/de/blog/video-in-verkaufsstrategie,/blog,the-guide-to-incorporating-video-into-your-sales-strategy,301-KILL
de,/de/blog/warum-wir-diesen-blog-starten,/blog,why-are-we-starting-this-blog,301-KILL
de,/de/blog/webanwendung-neugestaltung,/blog,web-application-re-design,301-KILL
es,/es/blog/3-errores-comunes-email-outreach,/blog,the-3-most-common-mistakes-when-it-comes-to-outreach-emailing,301-KILL
es,/es/blog/8-eventos-clave-overloop-2020,/blog,8-key-events-for-overloop-in-2020,301-KILL
es,/es/blog/adjuntos-overloop,/blog,attachments,301-KILL
es,/es/blog/apollo-vs-lemlist-comparativa,/versus/apollo-vs-lemlist,apollo-vs-lemlist-which-prospecting-tool-wins-for-b2b-sales-teams-95e78,VS-REDIRECT
es,/es/blog/atraer-contratar-liderar-talento-ventas,/blog,attract-hire-lead-talent,301-KILL
es,/es/blog/aumentar-ventas-saas-temporada-festiva,/blog,increase-your-saas-sales-during-holiday-season,301-KILL
es,/es/blog/automatizacion-ventas-habilitacion,/blog,quick-guide-lead-generation-for-2019,301-KILL
es,/es/blog/automatizacion-ventas-venta-basada-cuentas,/blog,sales-automation-account-based-selling,301-KILL
es,/es/blog/automatizar-seguimientos-multicanal-ia-ventas-b2b,/blog,revolutionize-b2b-sales-how-to-automate-multi-channel-follow-ups-with-an-ai-email-assistant,301-KILL
es,/es/blog/buscar-correos-electronicos-nombre,/blog/how-to-find-someone-email-address-efficiently,find-emails-with-name-organization-domain,301-KILL
es,/es/blog/calendly-integration,/blog,calendly-integration,301-KILL
es,/es/blog/canal-de-ventas,/blog/pre-call-planning,manage-sales-pipeline,301-KILL
es,/es/blog/checklist-email-frio,/blog/5-main-steps-for-an-effective-cold-email-marketing-strategy,ultimate-cold-email-checklist,301-KILL
es,/es/blog/como-usar-asistente-ventas-ia-b2b,/blog,how-to-use-an-ai-sales-assistant-the-b2b-sales-team-s-step-by-step-guide,301-KILL
es,/es/blog/como-usar-software-ventas-b2b,/blog,how-to-use-sales-software-for-b2b-lead-generation-and-tracking-a-step-by-step-guide-for-startups,301-KILL
es,/es/blog/configuracion-integracion,/blog,new-integration-settings,301-KILL
es,/es/blog/consejos-vendedores-nuevos,/blog,7-sales-tips,301-KILL
es,/es/blog/contratar-generacion-leads,/blog,lead-generation-hire,301-KILL
es,/es/blog/copywriting-email-frio-consejos,/blog/5-main-steps-for-an-effective-cold-email-marketing-strategy,write-cold-email-make-hot,301-KILL
es,/es/blog/correo-personas-importantes,/blog,emailing-important-people,301-KILL
es,/es/blog/cualidades-esenciales-sdr-ambicioso,/blog,3-essential-qualities-sdr,301-KILL
es,/es/blog/documentar-procesos-ventas,/blog/common-sales-automation-mistakes-and-how-to-avoid-them,document-automate-sales-process,301-KILL
es,/es/blog/enlace-cancelar-suscripcion,/blog,unsubscribe-link,301-KILL
es,/es/blog/error-fundadores-startups-ventas,/blog,startup-founders-mistake-sales,301-KILL
es,/es/blog/errores-prospeccion-email-frio,/blog/5-main-steps-for-an-effective-cold-email-marketing-strategy,5-deadly-email-prospecting-mistakes,301-KILL
es,/es/blog/escalar-ventas-b2b-ia,/blog,how-to-scale-b2b-sales-with-ai-platforms,301-KILL
es,/es/blog/escribir-correos-electronicos,/blog/whats-the-best-email-length-for-sales-outreach,how-to-write-good-emails,301-KILL
es,/es/blog/escritores-correo-electronico-ia,/blog/9-best-ai-email-outreach-tools,ai-email-writer-revolution-how-to-use-ai-for-cold-outreach-in-outbound-sales,301-CONSOLIDATE
es,/es/blog/estado-ventas-campo-infografia,/blog,the-sate-of-field-sales-infographic,301-KILL
es,/es/blog/estrategias-ia-sdr-ventas-b2b,/blog/11-best-ai-bdr-tools,top-ai-sdr-strategies-to-boost-your-b2b-sales-in-2025,301-CONSOLIDATE
es,/es/blog/estrategias-ventas-analizar-prospectos,/blog,sales-strategies-analyse-the-prospects-that-turn-you-down,301-KILL
es,/es/blog/etica-ia-ventas,/blog/best-ai-sales-tools,ethics-of-ai-in-sales-key-challenges,301-KILL
es,/es/blog/generacion-leads-b2b,/blog,b2b-lead-generation-manual-vs-ai-powered-methods,301-KILL
es,/es/blog/gestion-listas-leads-ventas,/blog,how-to-automate-sales-leads-list-management-for-small-businesses-the-ultimate-guide,301-KILL
es,/es/blog/guia-automatizacion-email-outreach-b2b,/blog/9-best-ai-email-outreach-tools,the-ultimate-guide-to-email-outreach-automation-for-b2b-sales-teams,301-CONSOLIDATE
es,/es/blog/guia-automatizacion-ventas-b2b-2025,/blog/best-ai-sales-tools,the-ultimate-guide-to-b2b-sales-automation-solutions-in-2025,301-KILL
es,/es/blog/guia-completa-heyreach,/blog/8-best-ai-linkedin-outreach-tools,Heyreach-Review,301-KILL
es,/es/blog/guia-elegir-plataforma-ventas-salientes,/blog/best-ai-sales-tools,the-ultimate-guide-to-choosing-a-sales-platform-for-outbound-lead-generation,301-KILL
es,/es/blog/guia-generacion-leads-ventas-b2b,/blog/best-ai-sales-tools,the-ultimate-guide-to-sales-leads-generation-for-b2b-teams-automation-strategies-and-tools,301-CONSOLIDATE
es,/es/blog/guia-herramientas-ventas-equipos-b2b,/blog,the-ultimate-guide-to-sales-tools-for-modern-b2b-teams-in-2025,301-KILL
es,/es/blog/guia-incorporar-video-estrategia-ventas,/blog,the-guide-to-incorporating-video-into-your-sales-strategy,301-KILL
es,/es/blog/guia-plataformas-ventas-generacion-leads,/blog,the-ultimate-guide-to-sales-platform-features-and-benefits-for-outbound-lead-generation,301-KILL
es,/es/blog/guia-prospeccion-ventas,/blog,sales-prospecting-guide-from-cold-leads-to-meetings,301-KILL
es,/es/blog/guia-ventas-salientes-b2b,/blog,the-ultimate-guide-to-outbound-sales-strategies-software-and-success-for-b2b-companies,301-KILL
es,/es/blog/habilidades-ventas,/blog/5-rules-more-successful-salespeople,sales-skills,301-KILL
es,/es/blog/herramienta-ia-ventas-b2b-caso-estudio,/blog/best-ai-sales-tools,how-an-ai-sales-tool-transformed-b2b-sales-teams-case-study-and-ai-sales-tool-reviews-2025,301-CONSOLIDATE
es,/es/blog/herramientas-prospeccion-b2b-checklist,/blog/top-8-sales-prospecting-tools-for-small-business-teams,10-essential-b2b-prospect-sourcing-tools-for-2025-a-checklist-for-success,301-CONSOLIDATE
es,/es/blog/herramientas-ventas-ia,/blog/best-ai-sales-tools,ai-sales-tools-scalability-vs-customization,301-KILL
es,/es/blog/ia-campanas-multicanal,/blog/10-best-practices-for-multi-channel-sales-campaigns,how-ai-improves-multi-channel-campaign-scalability,301-KILL
es,/es/blog/ia-correo-electronico-divulgacion-fria,/blog/9-best-ai-email-outreach-tools,how-ai-email-writer-technology-transforms-cold-outreach-a-case-study-on-overloop,301-KILL
es,/es/blog/ia-roi-ventas,/blog,how-ai-improves-sales-roi-over-time,301-KILL
es,/es/blog/ia-seguimiento-ventas,/blog,how-ai-improves-follow-up-scheduling-in-sales,301-KILL
es,/es/blog/influencers-ventas-como-destacar-competencia,/blog,11-sales-influencers-crush-competition,301-KILL
es,/es/blog/informes-ventas,/blog,reports-v2,301-KILL
es,/es/blog/instantly-vs-lemlist-comparativa,/versus/instantly-vs-lemlist,instantly-vs-lemlist,VS-REDIRECT
es,/es/blog/lecciones-ventas-negociador-fbi,/blog,sales-lessons-fbi-hostage-negotiator,301-KILL
es,/es/blog/lemlist-vs-apollo-comparativa,/versus/lemlist-vs-apollo,lemlist-vs-apollo,VS-REDIRECT
es,/es/blog/liderar-equipo-ventas,/blog,manage-team-hit-sales-target,301-KILL
es,/es/blog/lineas-asunto-correo-frio,/blog/500-trigger-words,7-cold-email-subject-lines,301-KILL
es,/es/blog/malos-habitos-vendedores,/blog,7-bad-habits-salespeople,301-KILL
es,/es/blog/mejor-software-correo-frio,/blog/9-best-ai-email-outreach-tools,best-cold-email-software,301-KILL
es,/es/blog/mejoras-listas,/blog,lists-improvements,301-KILL
es,/es/blog/mejores-herramientas-ia-ventas,/blog/best-ai-sales-tools,best-ai-sales-tools,301-KILL
es,/es/blog/mejores-herramientas-workflow-ventas-ia,/blog/best-ai-sales-tools,9-best-ai-sales-workflow-tools,301-CONSOLIDATE
es,/es/blog/metricas-ventas-imprescindibles,/blog,3-sales-kpi,301-KILL
es,/es/blog/nuevo-panel,/blog,new-dashboard,301-KILL
es,/es/blog/objeciones-compradores,/blog/deal-objections,main-sales-objections,301-CONSOLIDATE
es,/es/blog/ofertas-pipelines,/blog,deals-pipelines,301-KILL
es,/es/blog/overloop-ai-ventas,/blog/best-ai-sales-tools,overloop-ai-the-future-of-sales,301-KILL
es,/es/blog/overloop-nueva-plataforma-workflows-salientes,/blog,overloop-reshapes-outbound-workflows-with-a-simpler-more-flexible-platform-update,301-KILL
es,/es/blog/overloop-vs-apollo-comparativa,/versus/overloop-vs-apollo,overloop-vs-apollo,VS-REDIRECT
es,/es/blog/overloop-vs-artisan-comparativa,/versus/overloop-vs-artisan,overloop-vs-artisan,VS-REDIRECT
es,/es/blog/overloop-vs-instantly-comparativa,/versus/overloop-vs-instantly,overloop-vs-instantly,VS-REDIRECT
es,/es/blog/overloop-vs-lemlist-comparativa,/versus/overloop-vs-lemlist,overloop-vs-lemlist,VS-REDIRECT
es,/es/blog/overloop-vs-saleshandy,/versus/overloop-vs-saleshandy,overloop-vs-saleshandy,VS-REDIRECT
es,/es/blog/por-que-iniciamos-este-blog,/blog,why-are-we-starting-this-blog,301-KILL
es,/es/blog/proceso-de-ventas,/blog,how-long-build-sales-process,301-KILL
es,/es/blog/propuesta-unica-de-venta,/blog,unique-selling-proposition,301-KILL
es,/es/blog/prospeccion-ventas-ia,/blog/top-8-sales-prospecting-tools-for-small-business-teams,how-to-master-sales-prospecting-with-overloop-s-automation-tools,301-KILL
es,/es/blog/pruebas-ab-reclutamiento-afiliados,/blog,ab-testing-case-study,301-KILL
es,/es/blog/razones-elimine-tu-email-frio,/blog,5-reasons-deleted-cold-email,301-KILL
es,/es/blog/rediseno-aplicacion-web,/blog,web-application-re-design,301-KILL
es,/es/blog/reglas-correo-frio,/blog/5-main-steps-for-an-effective-cold-email-marketing-strategy,6-cold-email-rules,301-KILL
es,/es/blog/retiro-equipo-importancia,/blog,team-retreat-important,301-KILL
es,/es/blog/salesforce-sincronizacion-bidireccional,/blog,salesforce-2-way-sync,301-KILL
es,/es/blog/seguimiento-multiples-eventos,/blog,multiple-events,301-KILL
es,/es/blog/sincronizacion-datos-campanas-multicanal,/blog/10-best-practices-for-multi-channel-sales-campaigns,real-time-data-sync-how-it-boosts-multi-channel-campaigns,301-KILL
es,/es/blog/sincronizacion-datos-tiempo-real,/blog,how-ai-improves-real-time-data-sync-for-sales-teams,301-KILL
es,/es/blog/software-prospeccion-email,/blog/9-best-ai-email-outreach-tools,cold-email-software,301-KILL
es,/es/blog/tasas-respuesta-campanas-cold-email,/blog/increase-reply-rate,cold-email-campaigns-reply-rates,301-CONSOLIDATE
es,/es/blog/tienda-integraciones-overloop,/blog,store,301-KILL
es,/es/blog/venta-social,/blog,essential-mastering-social-selling,301-KILL
es,/es/blog/ventas-sociales,/blog,not-doing-social-selling-youre-wrong,301-KILL
es,/es/blog/ventas-startups,/blog,get-started-startup-sales,301-KILL
es,/es/blog/verificar-correos-electronicos,/blog/how-to-find-someone-email-address-efficiently,find-and-verify-emails-within-the-app,301-KILL
fr,/fr/blog/ameliorations-listes,/blog,lists-improvements,301-KILL
fr,/fr/blog/apollo-vs-lemlist-comparatif-prospection,/versus/apollo-vs-lemlist,apollo-vs-lemlist-which-prospecting-tool-wins-for-b2b-sales-teams-95e78,VS-REDIRECT
fr,/fr/blog/assistant-commercial-ia-guide-b2b,/blog,how-to-use-an-ai-sales-assistant-the-b2b-sales-team-s-step-by-step-guide,301-KILL
fr,/fr/blog/attirer-recruter-talents-commerciaux,/blog,attract-hire-lead-talent,301-KILL
fr,/fr/blog/automatisation-emails-ventes,/blog/email-automation,email-automation,MIGRATE
fr,/fr/blog/automatisation-prospection-email-b2b,/blog/9-best-ai-email-outreach-tools,the-ultimate-guide-to-email-outreach-automation-for-b2b-sales-teams,301-CONSOLIDATE
fr,/fr/blog/automatisation-vente-account-based-selling,/blog,quick-guide-lead-generation-for-2019,301-KILL
fr,/fr/blog/automatisation-ventes-b2b,/blog/best-ai-sales-tools,the-ultimate-guide-to-b2b-sales-automation-solutions-in-2025,301-KILL
fr,/fr/blog/automatiser-gestion-listes-prospects-pme,/blog,how-to-automate-sales-leads-list-management-for-small-businesses-the-ultimate-guide,301-KILL
fr,/fr/blog/boutique,/blog,store,301-KILL
fr,/fr/blog/campagnes-cold-email-taux-reponse,/blog/increase-reply-rate,cold-email-campaigns-reply-rates,301-CONSOLIDATE
fr,/fr/blog/checklist-email-froid,/blog/5-main-steps-for-an-effective-cold-email-marketing-strategy,ultimate-cold-email-checklist,301-KILL
fr,/fr/blog/checklist-outils-sdr-ia,/blog/the-ultimate-checklist-for-selecting-the-best-ai-sdr-tools-in-2025,the-ultimate-checklist-for-selecting-the-best-ai-sdr-tools-in-2025,MIGRATE
fr,/fr/blog/cles-succes-vente,/blog/5-rules-more-successful-salespeople,sales-skills,301-KILL
fr,/fr/blog/comparaison-plateformes-engagement-commercial,/blog/sales-engagement-platforms-compared-top-sales-engagement-platforms-2025-versus-guide,sales-engagement-platforms-compared-top-sales-engagement-platforms-2025-versus-guide,MIGRATE
fr,/fr/blog/conseils-commerciaux-debutants,/blog,7-sales-tips,301-KILL
fr,/fr/blog/conseils-emails-commerciaux-conclure-ventes,/blog/sales-email-tips-to-help-you-close-more-deals,sales-email-tips-to-help-you-close-more-deals,MIGRATE
fr,/fr/blog/conseils-prospection-commerciale-pipeline,/blog/10-proven-sales-prospecting-tips-to-boost-your-pipeline-fast,10-proven-sales-prospecting-tips-to-boost-your-pipeline-fast,MIGRATE
fr,/fr/blog/construire-processus-vente,/blog,how-long-build-sales-process,301-KILL
fr,/fr/blog/copywriting-cold-email-conseils,/blog/5-main-steps-for-an-effective-cold-email-marketing-strategy,write-cold-email-make-hot,301-KILL
fr,/fr/blog/demarrer-ventes-fondateur-startup,/blog,get-started-startup-sales,301-KILL
fr,/fr/blog/developper-ventes-b2b-ia,/blog,how-to-scale-b2b-sales-with-ai-platforms,301-KILL
fr,/fr/blog/documenter-processus-vente-automatisation,/blog/common-sales-automation-mistakes-and-how-to-avoid-them,document-automate-sales-process,301-KILL
fr,/fr/blog/email-personnes-influentes-conseils,/blog,emailing-important-people,301-KILL
fr,/fr/blog/erreurs-automatisation-ventes,/blog/common-sales-automation-mistakes-and-how-to-avoid-them,common-sales-automation-mistakes-and-how-to-avoid-them,MIGRATE
fr,/fr/blog/erreurs-outreach-email,/blog,the-3-most-common-mistakes-when-it-comes-to-outreach-emailing,301-KILL
fr,/fr/blog/erreurs-prospection-email-eviter,/blog/5-main-steps-for-an-effective-cold-email-marketing-strategy,5-deadly-email-prospecting-mistakes,301-KILL
fr,/fr/blog/erreurs-ventes-fondateurs-startup,/blog,startup-founders-mistake-sales,301-KILL
fr,/fr/blog/etapes-essentielles-maitriser-social-selling,/blog,essential-mastering-social-selling,301-KILL
fr,/fr/blog/etat-ventes-terrain,/blog,the-sate-of-field-sales-infographic,301-KILL
fr,/fr/blog/ethique-ia-ventes,/blog/best-ai-sales-tools,ethics-of-ai-in-sales-key-challenges,301-KILL
fr,/fr/blog/evenements-cles-overloop,/blog,8-key-events-for-overloop-in-2020,301-KILL
fr,/fr/blog/flux-travail-generation-prospects-evolutifs,/blog/how-to-build-scalable-lead-generation-workflows,how-to-build-scalable-lead-generation-workflows,MIGRATE
fr,/fr/blog/generation-leads-b2b-manuel-vs-ia,/blog,b2b-lead-generation-manual-vs-ai-powered-methods,301-KILL
fr,/fr/blog/generation-leads-vente-b2b,/blog/best-ai-sales-tools,the-ultimate-guide-to-sales-leads-generation-for-b2b-teams-automation-strategies-and-tools,301-CONSOLIDATE
fr,/fr/blog/gerer-deals-pipeline-crm,/blog,deals-pipelines,301-KILL
fr,/fr/blog/gerer-pipeline-ventes,/blog/pre-call-planning,manage-sales-pipeline,301-KILL
fr,/fr/blog/guide-prospection-commerciale,/blog,sales-prospecting-guide-from-cold-leads-to-meetings,301-KILL
fr,/fr/blog/heyreach-avis,/blog/8-best-ai-linkedin-outreach-tools,Heyreach-Review,301-KILL
fr,/fr/blog/ia-ameliore-roi-ventes,/blog,how-ai-improves-sales-roi-over-time,301-KILL
fr,/fr/blog/ia-campagnes-multicanal-scalabilite,/blog/10-best-practices-for-multi-channel-sales-campaigns,how-ai-improves-multi-channel-campaign-scalability,301-KILL
fr,/fr/blog/ia-planification-suivi-ventes,/blog,how-ai-improves-follow-up-scheduling-in-sales,301-KILL
fr,/fr/blog/ia-redacteur-emails-cold-outreach-ventes,/blog/9-best-ai-email-outreach-tools,ai-email-writer-revolution-how-to-use-ai-for-cold-outreach-in-outbound-sales,301-CONSOLIDATE
fr,/fr/blog/ia-redaction-emails-cold-outreach,/blog/9-best-ai-email-outreach-tools,how-ai-email-writer-technology-transforms-cold-outreach-a-case-study-on-overloop,301-KILL
fr,/fr/blog/ia-synchronisation-donnees-ventes,/blog,how-ai-improves-real-time-data-sync-for-sales-teams,301-KILL
fr,/fr/blog/importance-seminaire-equipe,/blog,team-retreat-important,301-KILL
fr,/fr/blog/indicateurs-cles-performance-vente,/blog,3-sales-kpi,301-KILL
fr,/fr/blog/influenceurs-vente-strategies-gagnantes,/blog,11-sales-influencers-crush-competition,301-KILL
fr,/fr/blog/instantly-vs-lemlist,/versus/instantly-vs-lemlist,instantly-vs-lemlist,VS-REDIRECT
fr,/fr/blog/integration-calendly,/blog,calendly-integration,301-KILL
fr,/fr/blog/lancement-blog,/blog,why-are-we-starting-this-blog,301-KILL
fr,/fr/blog/lead-generation-hire,/blog,lead-generation-hire,301-KILL
fr,/fr/blog/lecons-vente-negociation-fbi,/blog,sales-lessons-fbi-hostage-negotiator,301-KILL
fr,/fr/blog/lemlist-vs-apollo,/versus/lemlist-vs-apollo,lemlist-vs-apollo,VS-REDIRECT
fr,/fr/blog/lien-desabonnement,/blog,unsubscribe-link,301-KILL
fr,/fr/blog/lignes-objet-cold-email-performantes,/blog/500-trigger-words,7-cold-email-subject-lines,301-KILL
fr,/fr/blog/logiciel-vente-generation-leads-b2b,/blog,how-to-use-sales-software-for-b2b-lead-generation-and-tracking-a-step-by-step-guide-for-startups,301-KILL
fr,/fr/blog/maitriser-prospection-commerciale-automatisation,/blog/top-8-sales-prospecting-tools-for-small-business-teams,how-to-master-sales-prospecting-with-overloop-s-automation-tools,301-KILL
fr,/fr/blog/mauvaises-habitudes-vendeurs,/blog,7-bad-habits-salespeople,301-KILL
fr,/fr/blog/meilleur-logiciel-cold-email,/blog/9-best-ai-email-outreach-tools,best-cold-email-software,301-KILL
fr,/fr/blog/meilleures-lignes-objet-emails-vente,/blog/best-subject-lines-for-sales-emails,best-subject-lines-for-sales-emails,MIGRATE
fr,/fr/blog/meilleurs-outils-ia-ventes,/blog/best-ai-sales-tools,best-ai-sales-tools,301-KILL
fr,/fr/blog/meilleurs-outils-outreach-multicanal-ia,/blog/9-best-ai-multichannel-outreach-tools,9-best-ai-multichannel-outreach-tools,MIGRATE
fr,/fr/blog/meilleurs-outils-workflow-ventes-ia,/blog/best-ai-sales-tools,9-best-ai-sales-workflow-tools,301-CONSOLIDATE
fr,/fr/blog/multiple-events,/blog,multiple-events,301-KILL
fr,/fr/blog/nouveau-tableau-de-bord,/blog,new-dashboard,301-KILL
fr,/fr/blog/nouveaux-parametres-integration,/blog,new-integration-settings,301-KILL
fr,/fr/blog/objections-acheteurs,/blog/deal-objections,main-sales-objections,301-CONSOLIDATE
fr,/fr/blog/outil-ia-ventes-b2b-etude-cas,/blog/best-ai-sales-tools,how-an-ai-sales-tool-transformed-b2b-sales-teams-case-study-and-ai-sales-tool-reviews-2025,301-CONSOLIDATE
fr,/fr/blog/outils-ia-ventes-roi-indicateurs,/blog/ai-sales-tools-roi-key-metrics-to-track,ai-sales-tools-roi-key-metrics-to-track,MIGRATE
fr,/fr/blog/outils-ia-ventes-scalabilite-vs-personnalisation,/blog/best-ai-sales-tools,ai-sales-tools-scalability-vs-customization,301-KILL
fr,/fr/blog/outils-sourcing-prospects-b2b-essentiels,/blog/top-8-sales-prospecting-tools-for-small-business-teams,10-essential-b2b-prospect-sourcing-tools-for-2025-a-checklist-for-success,301-CONSOLIDATE
fr,/fr/blog/outils-vente-b2b,/blog,the-ultimate-guide-to-sales-tools-for-modern-b2b-teams-in-2025,301-KILL
fr,/fr/blog/overloop-ai-avenir-ventes,/blog/best-ai-sales-tools,overloop-ai-the-future-of-sales,301-KILL
fr,/fr/blog/overloop-ou-saleshandy,/versus/overloop-vs-saleshandy,overloop-vs-saleshandy,VS-REDIRECT
fr,/fr/blog/overloop-vs-apollo,/versus/overloop-vs-apollo,overloop-vs-apollo,VS-REDIRECT
fr,/fr/blog/overloop-vs-artisan,/versus/overloop-vs-artisan,overloop-vs-artisan,VS-REDIRECT
fr,/fr/blog/overloop-vs-hubspot,/versus/overloop-vs-hubspot,overloop-vs-hubspot,VS-REDIRECT
fr,/fr/blog/overloop-vs-instantly,/versus/overloop-vs-instantly,overloop-vs-instantly,VS-REDIRECT
fr,/fr/blog/overloop-vs-lemlist,/versus/overloop-vs-lemlist,overloop-vs-lemlist,VS-REDIRECT
fr,/fr/blog/overloop-vs-reply,/versus/overloop-vs-reply,overloop-vs-reply,VS-REDIRECT
fr,/fr/blog/pieces-jointes-emails,/blog,attachments,301-KILL
fr,/fr/blog/plateforme-vente-prospection,/blog,the-ultimate-guide-to-sales-platform-features-and-benefits-for-outbound-lead-generation,301-KILL
fr,/fr/blog/prendre-rendez-vous-vente,/blog/sales-appointment-setting,sales-appointment-setting,MIGRATE
fr,/fr/blog/proposition-vente-unique-usp,/blog,unique-selling-proposition,301-KILL
fr,/fr/blog/prospection-linkedin-obtenir-reponses,/blog/8-best-ai-linkedin-outreach-tools,linkedin-outreach,301-KILL
fr,/fr/blog/qualites-essentielles-sdr-commercial,/blog,3-essential-qualities-sdr,301-KILL
fr,/fr/blog/raisons-processus-vente-defaillant,/blog/6-reasons-sales-process-broken,6-reasons-sales-process-broken,MIGRATE
fr,/fr/blog/rapports-v2,/blog,reports-v2,301-KILL
fr,/fr/blog/rediger-bons-emails,/blog/whats-the-best-email-length-for-sales-outreach,how-to-write-good-emails,301-KILL
fr,/fr/blog/refonte-application-web,/blog,web-application-re-design,301-KILL
fr,/fr/blog/regles-cold-email-efficaces,/blog/5-main-steps-for-an-effective-cold-email-marketing-strategy,6-cold-email-rules,301-KILL
fr,/fr/blog/reprendre-equipe-vente-objectifs,/blog,manage-team-hit-sales-target,301-KILL
fr,/fr/blog/social-selling-pourquoi-vous-devriez,/blog,not-doing-social-selling-youre-wrong,301-KILL
fr,/fr/blog/strategies-sdr-ia,/blog/11-best-ai-bdr-tools,top-ai-sdr-strategies-to-boost-your-b2b-sales-in-2025,301-CONSOLIDATE
fr,/fr/blog/strategies-vente-analyser-prospects,/blog,sales-strategies-analyse-the-prospects-that-turn-you-down,301-KILL
fr,/fr/blog/supprimer-cold-email-raisons,/blog,5-reasons-deleted-cold-email,301-KILL
fr,/fr/blog/synchronisation-bidirectionnelle-calesforce,/blog,salesforce-2-way-sync,301-KILL
fr,/fr/blog/synchronisation-donnees-temps-reel-campagnes,/blog/10-best-practices-for-multi-channel-sales-campaigns,real-time-data-sync-how-it-boosts-multi-channel-campaigns,301-KILL
fr,/fr/blog/test-ab-recrutement,/blog,ab-testing-case-study,301-KILL
fr,/fr/blog/trouver-emails-nom-domaine-entreprise,/blog/how-to-find-someone-email-address-efficiently,find-emails-with-name-organization-domain,301-KILL
fr,/fr/blog/trouver-verifier-emails-application,/blog/how-to-find-someone-email-address-efficiently,find-and-verify-emails-within-the-app,301-KILL
fr,/fr/blog/vente-sortante-b2b,/blog,the-ultimate-guide-to-outbound-sales-strategies-software-and-success-for-b2b-companies,301-KILL
fr,/fr/blog/ventes-saas-fetes-fin-annee,/blog,increase-your-saas-sales-during-holiday-season,301-KILL
fr,/fr/blog/video-strategie-vente,/blog,the-guide-to-incorporating-video-into-your-sales-strategy,301-KILL
it,/it/blog/ab-testing-affiliati,/blog,ab-testing-case-study,301-KILL
it,/it/blog/aggiornamento-piattaforma-overloop,/blog,overloop-reshapes-outbound-workflows-with-a-simpler-more-flexible-platform-update,301-KILL
it,/it/blog/ai-campagne-multicanale-scalabilita,/blog/10-best-practices-for-multi-channel-sales-campaigns,how-ai-improves-multi-channel-campaign-scalability,301-KILL
it,/it/blog/ai-email-writer-cold-outreach,/blog/9-best-ai-email-outreach-tools,ai-email-writer-revolution-how-to-use-ai-for-cold-outreach-in-outbound-sales,301-CONSOLIDATE
it,/it/blog/ai-email-writer-cold-outreach-caso-studio,/blog/9-best-ai-email-outreach-tools,how-ai-email-writer-technology-transforms-cold-outreach-a-case-study-on-overloop,301-KILL
it,/it/blog/ai-follow-up-vendite,/blog,how-ai-improves-follow-up-scheduling-in-sales,301-KILL
it,/it/blog/ai-migliorare-roi-vendite,/blog,how-ai-improves-sales-roi-over-time,301-KILL
it,/it/blog/ai-sincronizzazione-dati-vendite,/blog,how-ai-improves-real-time-data-sync-for-sales-teams,301-KILL
it,/it/blog/ai-vendite-scalabilita-personalizzazione,/blog/best-ai-sales-tools,ai-sales-tools-scalability-vs-customization,301-KILL
it,/it/blog/allegati-email,/blog,attachments,301-KILL
it,/it/blog/analisi-prospect-rifiuti,/blog,sales-strategies-analyse-the-prospects-that-turn-you-down,301-KILL
it,/it/blog/apollo-vs-lemlist,/versus/apollo-vs-lemlist,apollo-vs-lemlist-which-prospecting-tool-wins-for-b2b-sales-teams-95e78,VS-REDIRECT
it,/it/blog/assumere-lead-generation,/blog,lead-generation-hire,301-KILL
it,/it/blog/attrarre-assumere-talenti-vendite,/blog,attract-hire-lead-talent,301-KILL
it,/it/blog/automazione-email-outreach-b2b,/blog/9-best-ai-email-outreach-tools,the-ultimate-guide-to-email-outreach-automation-for-b2b-sales-teams,301-CONSOLIDATE
it,/it/blog/automazione-vendite-account-based,/blog,quick-guide-lead-generation-for-2019,301-KILL
it,/it/blog/automazione-vendite-b2b,/blog/best-ai-sales-tools,the-ultimate-guide-to-b2b-sales-automation-solutions-in-2025,301-KILL
it,/it/blog/cattive-abitudini-venditori,/blog,7-bad-habits-salespeople,301-KILL
it,/it/blog/checklist-cold-email,/blog/5-main-steps-for-an-effective-cold-email-marketing-strategy,ultimate-cold-email-checklist,301-KILL
it,/it/blog/come-usare-assistente-vendite-ai,/blog,how-to-use-an-ai-sales-assistant-the-b2b-sales-team-s-step-by-step-guide,301-KILL
it,/it/blog/competenze-vendita-successo,/blog/5-rules-more-successful-salespeople,sales-skills,301-KILL
it,/it/blog/consigli-venditori-principianti,/blog,7-sales-tips,301-KILL
it,/it/blog/copywriting-cold-email,/blog/5-main-steps-for-an-effective-cold-email-marketing-strategy,write-cold-email-make-hot,301-KILL
it,/it/blog/costruire-processo-vendita,/blog,how-long-build-sales-process,301-KILL
it,/it/blog/documentare-automatizzare-processo-vendita,/blog/common-sales-automation-mistakes-and-how-to-avoid-them,document-automate-sales-process,301-KILL
it,/it/blog/email-a-persone-importanti,/blog,emailing-important-people,301-KILL
it,/it/blog/email-aziendali-generiche,/blog/increase-reply-rate,cold-email-campaigns-reply-rates,301-CONSOLIDATE
it,/it/blog/errori-comuni-email-outreach,/blog,the-3-most-common-mistakes-when-it-comes-to-outreach-emailing,301-KILL
it,/it/blog/errori-fondatori-startup-vendite,/blog,startup-founders-mistake-sales,301-KILL
it,/it/blog/errori-prospezione-email,/blog/5-main-steps-for-an-effective-cold-email-marketing-strategy,5-deadly-email-prospecting-mistakes,301-KILL
it,/it/blog/etica-ai-nelle-vendite,/blog/best-ai-sales-tools,ethics-of-ai-in-sales-key-challenges,301-KILL
it,/it/blog/eventi-overloop,/blog,8-key-events-for-overloop-in-2020,301-KILL
it,/it/blog/follow-up-multicanale-ai,/blog,revolutionize-b2b-sales-how-to-automate-multi-channel-follow-ups-with-an-ai-email-assistant,301-KILL
it,/it/blog/funzionalita-piattaforma-vendite,/blog,the-ultimate-guide-to-sales-platform-features-and-benefits-for-outbound-lead-generation,301-KILL
it,/it/blog/generazione-lead-b2b-ai,/blog,b2b-lead-generation-manual-vs-ai-powered-methods,301-KILL
it,/it/blog/gestione-liste-lead-automatizzata,/blog,how-to-automate-sales-leads-list-management-for-small-businesses-the-ultimate-guide,301-KILL
it,/it/blog/gestire-pipeline-vendite,/blog/pre-call-planning,manage-sales-pipeline,301-KILL
it,/it/blog/gestire-team-vendite-obiettivi,/blog,manage-team-hit-sales-target,301-KILL
it,/it/blog/guida-lead-generation-b2b,/blog/best-ai-sales-tools,the-ultimate-guide-to-sales-leads-generation-for-b2b-teams-automation-strategies-and-tools,301-CONSOLIDATE
it,/it/blog/guida-prospezione-vendite,/blog,sales-prospecting-guide-from-cold-leads-to-meetings,301-KILL
it,/it/blog/guida-vendite-outbound-b2b,/blog,the-ultimate-guide-to-outbound-sales-strategies-software-and-success-for-b2b-companies,301-KILL
it,/it/blog/heyreach-recensione-linkedin,/blog/8-best-ai-linkedin-outreach-tools,Heyreach-Review,301-KILL
it,/it/blog/importanza-ritiro-di-team,/blog,team-retreat-important,301-KILL
it,/it/blog/impostazioni-integrazione,/blog,new-integration-settings,301-KILL
it,/it/blog/influencer-vendite,/blog,11-sales-influencers-crush-competition,301-KILL
it,/it/blog/iniziare-vendite-startup,/blog,get-started-startup-sales,301-KILL
it,/it/blog/instantly-vs-lemlist,/versus/instantly-vs-lemlist,instantly-vs-lemlist,VS-REDIRECT
it,/it/blog/integrazione-calendly,/blog,calendly-integration,301-KILL
it,/it/blog/lemlist-vs-apollo,/versus/lemlist-vs-apollo,lemlist-vs-apollo,VS-REDIRECT
it,/it/blog/lezioni-vendita-fbi,/blog,sales-lessons-fbi-hostage-negotiator,301-KILL
it,/it/blog/link-disiscrizione,/blog,unsubscribe-link,301-KILL
it,/it/blog/metriche-vendite-chiave,/blog,3-sales-kpi,301-KILL
it,/it/blog/miglior-software-cold-email,/blog/9-best-ai-email-outreach-tools,best-cold-email-software,301-KILL
it,/it/blog/miglioramenti-liste,/blog,lists-improvements,301-KILL
it,/it/blog/migliori-strumenti-ai-vendite,/blog/best-ai-sales-tools,best-ai-sales-tools,301-KILL
it,/it/blog/nuova-dashboard,/blog,new-dashboard,301-KILL
it,/it/blog/obiezioni-acquirenti-strategie,/blog/deal-objections,main-sales-objections,301-CONSOLIDATE
it,/it/blog/oggetto-email-vendita-efficace,/blog/500-trigger-words,7-cold-email-subject-lines,301-KILL
it,/it/blog/outreach-linkedin-risposte,/blog/8-best-ai-linkedin-outreach-tools,linkedin-outreach,301-KILL
it,/it/blog/overloop-ai-futuro-vendite,/blog/best-ai-sales-tools,overloop-ai-the-future-of-sales,301-KILL
it,/it/blog/overloop-vs-apollo,/versus/overloop-vs-apollo,overloop-vs-apollo,VS-REDIRECT
it,/it/blog/overloop-vs-artisan,/versus/overloop-vs-artisan,overloop-vs-artisan,VS-REDIRECT
it,/it/blog/overloop-vs-hubspot,/versus/overloop-vs-hubspot,overloop-vs-hubspot,VS-REDIRECT
it,/it/blog/overloop-vs-instantly,/versus/overloop-vs-instantly,overloop-vs-instantly,VS-REDIRECT
it,/it/blog/overloop-vs-lemlist,/versus/overloop-vs-lemlist,overloop-vs-lemlist,VS-REDIRECT
it,/it/blog/overloop-vs-saleshandy,/versus/overloop-vs-saleshandy,overloop-vs-saleshandy,VS-REDIRECT
it,/it/blog/perche-blog-vendite,/blog,why-are-we-starting-this-blog,301-KILL
it,/it/blog/perche-eliminano-cold-email,/blog,5-reasons-deleted-cold-email,301-KILL
it,/it/blog/piattaforma-vendite-outbound,/blog/best-ai-sales-tools,the-ultimate-guide-to-choosing-a-sales-platform-for-outbound-lead-generation,301-KILL
it,/it/blog/pipeline-trattative,/blog,deals-pipelines,301-KILL
it,/it/blog/proposta-di-valore-unica,/blog,unique-selling-proposition,301-KILL
it,/it/blog/prospezione-vendite-automazione,/blog/top-8-sales-prospecting-tools-for-small-business-teams,how-to-master-sales-prospecting-with-overloop-s-automation-tools,301-KILL
it,/it/blog/qualita-sdr-ambizioso,/blog,3-essential-qualities-sdr,301-KILL
it,/it/blog/rapporti-v2,/blog,reports-v2,301-KILL
it,/it/blog/regole-cold-email,/blog/5-main-steps-for-an-effective-cold-email-marketing-strategy,6-cold-email-rules,301-KILL
it,/it/blog/riprogettazione-applicazione-web,/blog,web-application-re-design,301-KILL
it,/it/blog/scalare-vendite-b2b-ai,/blog,how-to-scale-b2b-sales-with-ai-platforms,301-KILL
it,/it/blog/scrivere-email-efficaci,/blog/whats-the-best-email-length-for-sales-outreach,how-to-write-good-emails,301-KILL
it,/it/blog/sincronizzazione-dati-campagne-multicanale,/blog/10-best-practices-for-multi-channel-sales-campaigns,real-time-data-sync-how-it-boosts-multi-channel-campaigns,301-KILL
it,/it/blog/social-selling-b2b,/blog,not-doing-social-selling-youre-wrong,301-KILL
it,/it/blog/social-selling-strategie,/blog,essential-mastering-social-selling,301-KILL
it,/it/blog/software-cold-email-b2b,/blog/9-best-ai-email-outreach-tools,cold-email-software,301-KILL
it,/it/blog/software-vendite-lead-generation-b2b,/blog,how-to-use-sales-software-for-b2b-lead-generation-and-tracking-a-step-by-step-guide-for-startups,301-KILL
it,/it/blog/stato-del-field-sales,/blog,the-sate-of-field-sales-infographic,301-KILL
it,/it/blog/store,/blog,store,301-KILL
it,/it/blog/strategie-ai-sdr-b2b,/blog/11-best-ai-bdr-tools,top-ai-sdr-strategies-to-boost-your-b2b-sales-in-2025,301-CONSOLIDATE
it,/it/blog/strumenti-ai-vendite-b2b-caso-studio,/blog/best-ai-sales-tools,how-an-ai-sales-tool-transformed-b2b-sales-teams-case-study-and-ai-sales-tool-reviews-2025,301-CONSOLIDATE
it,/it/blog/strumenti-ricerca-prospect-b2b,/blog/top-8-sales-prospecting-tools-for-small-business-teams,10-essential-b2b-prospect-sourcing-tools-for-2025-a-checklist-for-success,301-CONSOLIDATE
it,/it/blog/strumenti-vendite-b2b-moderni,/blog,the-ultimate-guide-to-sales-tools-for-modern-b2b-teams-in-2025,301-KILL
it,/it/blog/strumenti-workflow-vendite-ai,/blog/best-ai-sales-tools,9-best-ai-sales-workflow-tools,301-CONSOLIDATE
it,/it/blog/sync-salesforce-bidirezionale,/blog,salesforce-2-way-sync,301-KILL
it,/it/blog/tracciamento-eventi-multipli,/blog,multiple-events,301-KILL
it,/it/blog/trovare-email-da-nome-dominio,/blog/how-to-find-someone-email-address-efficiently,find-emails-with-name-organization-domain,301-KILL
it,/it/blog/trovare-verificare-email,/blog/how-to-find-someone-email-address-efficiently,find-and-verify-emails-within-the-app,301-KILL
it,/it/blog/vendite-saas-stagionali,/blog,increase-your-saas-sales-during-holiday-season,301-KILL
it,/it/blog/video-nella-strategia-vendite,/blog,the-guide-to-incorporating-video-into-your-sales-strategy,301-KILL
