action,current_url,target_url,cluster,slug_keyword,kw_volume,gsc_impressions_3m,gsc_keywords,backlink_domains,note
MIGRATE,/blog/10-best-ai-sales-assistant-tools,KEEP URL,,10-best-ai-sales-assistant-tools,,11782,,,User override: keep as MIGRATE.
MIGRATE,/blog/10-best-practices-for-multi-channel-sales-campaigns,KEEP URL,,10-best-practices-for-multi-channel-sales-campaigns,,5619,,,User override: keep as MIGRATE.
301-CONSOLIDATE,/blog/10-essential-b2b-prospect-sourcing-tools-for-2025-a-checklist-for-success,/blog/top-8-sales-prospecting-tools-for-small-business-teams,,10-essential-b2b-prospect-sourcing-tools-for-2025-a-checklist-for-success,,133,,,Cannibalizes stronger article.
MIGRATE,/blog/10-essential-sales-tools-every-b2b-team-needs-in-2025,KEEP URL,,10-essential-sales-tools-every-b2b-team-needs-in-2025,,7023,,,202 AI hits (181 GPT). Too AI-visible to kill.
MIGRATE,/blog/10-favourite-sales-movies,KEEP URL,,10-favourite-sales-movies,,4715,,,User override: keep as MIGRATE.
MIGRATE,/blog/10-pro-tips-avoid-spam-folder,KEEP URL,,10-pro-tips-avoid-spam-folder,,7025,,,User override: keep as MIGRATE.
MIGRATE,/blog/10-proven-sales-prospecting-tips-to-boost-your-pipeline-fast,KEEP URL,,10-proven-sales-prospecting-tips-to-boost-your-pipeline-fast,,2480,,,Has traffic/value. Template conversion.
REWRITE,/blog/11-best-ai-bdr-tools,KEEP URL,,11-best-ai-bdr-tools,,10561,,,"SPOKE 3: AI BDR. KD 2, already pos 2.4 for 'ai bdr tools' in GSC. Absorb content from ai-agent-tools + ai-sales-assistant. Genuine testing, screenshots, honest comparison."
MIGRATE,/blog/11-best-linkedin-automation-tools-to-accelerate-your-b2b-outreach-in-2025-6b690,KEEP URL,,11-best-linkedin-automation-tools-to-accelerate-your-b2b-outreach-in-2025-6b690,,7042,,,User override: keep as MIGRATE.
301-KILL,/blog/11-sales-influencers-crush-competition,/blog,,11-sales-influencers-crush-competition,,256,,,"256 impr, 1 clicks"
MIGRATE,/blog/17-sentences-never-use-sales-email,KEEP URL,,17-sentences-never-use-sales-email,,1802,,,User override: keep as MIGRATE.
301-KILL,/blog/3-essential-qualities-sdr,/blog,,3-essential-qualities-sdr,,444,,,"444 impr, 1 clicks"
301-KILL,/blog/3-sales-kpi,/blog,,3-sales-kpi,,73,,,Generic. 301 to blog.
REWRITE,/blog/455-email-spam-trigger-words-avoid-2018,KEEP URL — do NOT change slug,,455-email-spam-trigger-words-avoid-2018,,4767,,,"BACKLINK TREASURE: GoDaddy DR93, Etsy DR94, CampaignMonitor DR90, Kajabi DR86. Keep URL for backlinks. Rewrite title: 'Email Spam Trigger Words to Avoid (2026 Updated List)'. Content = fresh, URL = un"
301-KILL,/blog/5-deadly-email-prospecting-mistakes,/blog/5-main-steps-for-an-effective-cold-email-marketing-strategy,,5-deadly-email-prospecting-mistakes,,63,,,Consolidate.
MIGRATE,/blog/5-main-steps-for-an-effective-cold-email-marketing-strategy,KEEP URL,,5-main-steps-for-an-effective-cold-email-marketing-strategy,,5414,,,"3.2K impressions. Absorbs all 'cold email tips/rules/checklist' 301s. Light refresh, add internal links to cluster."
301-KILL,/blog/5-reasons-deleted-cold-email,/blog,,5-reasons-deleted-cold-email,,11,,,"11 impr, 0 clicks"
MIGRATE,/blog/5-rules-more-successful-salespeople,KEEP URL,,5-rules-more-successful-salespeople,,795,,,Has traffic/value. Template conversion.
REWRITE,/blog/500-trigger-words,KEEP URL,,500-trigger-words,,14434,,,"REFRAME for cold email: 'Cold Email Power Words: 500+ Words That Get Replies in Outbound'. Keep keyword match, fix topical alignment. Vol 1800, KD 3, pos 6."
301-KILL,/blog/6-cold-email-rules,/blog/5-main-steps-for-an-effective-cold-email-marketing-strategy,,6-cold-email-rules,,56,,,Consolidate into cold email strategy page.
MIGRATE,/blog/6-reasons-sales-process-broken,KEEP URL,,6-reasons-sales-process-broken,,3014,,,User override: keep as MIGRATE.
MIGRATE,/blog/7-ai-sales-prospecting-tools-that-boost-lead-generation,KEEP URL,,7-ai-sales-prospecting-tools-that-boost-lead-generation,,5239,,,User override: keep as MIGRATE.
301-KILL,/blog/7-bad-habits-salespeople,/blog,,7-bad-habits-salespeople,,13,,,"13 impr, 0 clicks"
301-KILL,/blog/7-cold-email-subject-lines,/blog/500-trigger-words,,7-cold-email-subject-lines,,871,,,Related topic. Pos 81. 301 to reframed trigger words page.
MIGRATE,/blog/7-reasons-emails-bounce,KEEP URL,,7-reasons-emails-bounce,,7736,,,"3 backlink domains, on-topic for deliverability. Light refresh."
301-KILL,/blog/7-sales-tips,/blog,,7-sales-tips,,11,,,"11 impr, 0 clicks"
REWRITE,/blog/8-best-ai-linkedin-outreach-tools,KEEP URL,,8-best-ai-linkedin-outreach-tools,,14281,,,SPOKE 2: LinkedIn. 4.6K impressions. Different enough channel to stay standalone.
301-KILL,/blog/8-key-events-for-overloop-in-2020,/blog,,8-key-events-for-overloop-in-2020,,11,,,Product update — obsolete.
MIGRATE,/blog/9-best-ai-agent-tools-for-sales,KEEP URL,,9-best-ai-agent-tools-for-sales,,20299,,,User override: keep as MIGRATE.
MIGRATE,/blog/9-best-ai-multichannel-outreach-tools,KEEP URL,,9-best-ai-multichannel-outreach-tools,,15132,,,User override: keep as MIGRATE.
301-CONSOLIDATE,/blog/9-best-ai-sales-workflow-tools,/blog/best-ai-sales-tools,,9-best-ai-sales-workflow-tools,,5175,,,Cannibalizes stronger article.
MIGRATE,/blog/9-reasons-never-buy-email-lists,KEEP URL,,9-reasons-never-buy-email-lists,,4720,,,User override: keep as MIGRATE.
301-KILL,/blog/Heyreach-Review,/blog/8-best-ai-linkedin-outreach-tools,,Heyreach-Review,,0,,,Uppercase URL (bad). Heyreach covered in LinkedIn spoke. 301 there.
301-KILL,/blog/ab-testing-case-study,/blog,,ab-testing-case-study,,80,,,"80 impr, 0 clicks"
MIGRATE,/blog/ab-testing-email-drip-campaigns,KEEP URL,,ab-testing-email-drip-campaigns,,1448,,,User override: keep as MIGRATE.
301-CONSOLIDATE,/blog/ai-email-writer-revolution-how-to-use-ai-for-cold-outreach-in-outbound-sales,/blog/9-best-ai-email-outreach-tools,,ai-email-writer-revolution-how-to-use-ai-for-cold-outreach-in-outbound-sales,,302,,,Cannibalizes stronger article.
REWRITE,/blog/ai-generated-value-propositions-guide,KEEP URL,,ai-generated-value-propositions-guide,,12408,,,Core topic. Full rewrite needed.
MIGRATE,/blog/ai-sales-tool-adoption-in-b2b-outbound-prospecting-2025-industry-review-analysis,KEEP URL,,ai-sales-tool-adoption-in-b2b-outbound-prospecting-2025-industry-review-analysis,,0,,,53 AI hits. Zero GSC but LLMs crawl it.
MIGRATE,/blog/ai-sales-tools-roi-key-metrics-to-track,KEEP URL,,ai-sales-tools-roi-key-metrics-to-track,,21911,,,Has traffic/value. Template conversion.
301-KILL,/blog/ai-sales-tools-scalability-vs-customization,/blog/best-ai-sales-tools,,ai-sales-tools-scalability-vs-customization,,976,,,"976 impr, 0 clicks [Target improved from /blog to relevant article]"
REWRITE,/blog/apollo-alternatives,KEEP URL,,apollo-alternatives,,16902,,,"7.7K impressions, pos 9.8. Almost page 1. Competitor comparison = high purchase intent."
VS-REDIRECT,/blog/apollo-vs-lemlist-which-prospecting-tool-wins-for-b2b-sales-teams-95e78,/versus/apollo-vs-lemlist,,apollo-vs-lemlist,,283,,,Redirect to new /versus/ section. Old ugly slug cleaned up.
301-KILL,/blog/attachments,/blog,,attachments,,26,,,Product update — obsolete.
301-KILL,/blog/attract-hire-lead-talent,/blog,,attract-hire-lead-talent,,108,,,"108 impr, 0 clicks"
MIGRATE,/blog/automations,KEEP URL,,automations,,1468,,,User override: keep as MIGRATE.
301-KILL,/blog/b2b-lead-generation-manual-vs-ai-powered-methods,/blog,,b2b-lead-generation-manual-vs-ai-powered-methods,,142,,,"142 impr, 0 clicks"
301-KILL,/blog/best-ai-sales-tools,/blog/best-ai-sales-tools,,best-ai-sales-tools,,3850,,,"Old URL if it exists. 301 to the new hub. If this IS the hub URL, skip this redirect."
301-KILL,/blog/best-cold-email-software,/blog/9-best-ai-email-outreach-tools,,best-cold-email-software,,378,,,Duplicate of cold-email-software. 301 to email spoke.
MIGRATE,/blog/best-lead-generation-tools,KEEP URL,,best-lead-generation-tools,,0,,,User override: keep as MIGRATE.
MIGRATE,/blog/best-practices-for-links-in-your-emails,KEEP URL,,best-practices-for-links-in-your-emails,,18159,,,"6 clicks, pos 8.5, good CTR. Niche but on-topic. Migrate as-is, add internal links."
REWRITE,/blog/best-sales-email-template,KEEP URL,,best-sales-email-template,,252,,,Core topic. Full rewrite needed.
MIGRATE,/blog/best-subject-lines-for-sales-emails,KEEP URL,,best-subject-lines-for-sales-emails,,0,,,8 AI hits (6 Perplexity). High-intent keyword.
MIGRATE,/blog/boost-sales-motivation,KEEP URL,,boost-sales-motivation,,1048,,,User override: keep as MIGRATE.
301-KILL,/blog/calendly-integration,/blog,,calendly-integration,,100,,,Product feature. No SEO value. 301 → blog index.
301-CONSOLIDATE,/blog/cold-email-campaigns-reply-rates,/blog/increase-reply-rate,,cold-email-campaigns-reply-rates,,56,,,Cannibalizes stronger article.
REWRITE,/blog/cold-email-illegal,KEEP URL,,cold-email-illegal,,5417,,,"GitHub DR97, SEMrush DR92, IndieHackers DR80. Rewrite as country-by-country legal guide (US CAN-SPAM, EU GDPR, UK). Evergreen topic."
301-KILL,/blog/cold-email-software,/blog/9-best-ai-email-outreach-tools,,cold-email-software,,387,,,Good slug keyword (vol 300) but ZERO traction. Cannibalizes email spoke. 301 there.
REWRITE,/blog/cold-email-stats-2018,KEEP URL — do NOT change slug,,cold-email-stats-2018,,39,,,"GoDaddy DR93, OptinMonster DR88, SingleGrain DR79. Keep URL for backlinks. Title: 'Cold Email Statistics (2026): Open Rates, Reply Rates & Benchmarks'. Fresh data from Overloop."
REWRITE,/blog/cold-emailing-link-building,KEEP URL,,cold-emailing-link-building,,2963,,,12.4K impressions in 2025 GSC. Shoptet DR91 backlink. Rewrite with real outreach case study using Overloop.
MIGRATE,/blog/common-sales-automation-mistakes-and-how-to-avoid-them,KEEP URL,,common-sales-automation-mistakes-and-how-to-avoid-them,,6880,,,Has traffic/value. Template conversion.
MIGRATE,/blog/deal-objections,KEEP URL,,deal-objections,,279,,,Has traffic/value. Template conversion.
301-KILL,/blog/deals-pipelines,/blog,,deals-pipelines,,23,,,Product update — obsolete.
301-KILL,/blog/document-automate-sales-process,/blog/common-sales-automation-mistakes-and-how-to-avoid-them,,document-automate-sales-process,,499,,,"499 impr, 0 clicks [Target improved from /blog to relevant article]"
MIGRATE,/blog/email-automation,KEEP URL,,email-automation,,252,,,Has traffic/value. Template conversion.
301-KILL,/blog/emailing-important-people,/blog,,emailing-important-people,,18,,,"18 impr, 0 clicks"
301-KILL,/blog/essential-mastering-social-selling,/blog,,essential-mastering-social-selling,,262,,,"262 impr, 2 clicks"
301-KILL,/blog/ethics-of-ai-in-sales-key-challenges,/blog/best-ai-sales-tools,,ethics-of-ai-in-sales-key-challenges,,2889,,,Has Substack DR93 backlink but zero traction. Off-topic. 301 to AI tools hub to capture backlink juice.
301-KILL,/blog/find-and-verify-emails-within-the-app,/blog/how-to-find-someone-email-address-efficiently,,find-and-verify-emails-within-the-app,,63,,,Feature doc.
301-KILL,/blog/find-emails-with-name-organization-domain,/blog/how-to-find-someone-email-address-efficiently,,find-emails-with-name-organization-domain,,267,,,Feature doc.
MIGRATE,/blog/following-up-surefire-techniques,KEEP URL,,following-up-surefire-techniques,,107,,,Has traffic/value. Template conversion.
REWRITE,/blog/get-email-from-linkedin-profile,KEEP URL,,get-email-from-linkedin-profile,,62283,,,"60 clicks/3m, explosive growth. Core Overloop use case. Add step-by-step with Overloop screenshots."
301-KILL,/blog/get-started-startup-sales,/blog,,get-started-startup-sales,,910,,,"910 impr, 2 clicks"
301-KILL,/blog/how-ai-email-writer-technology-transforms-cold-outreach-a-case-study-on-overloop,/blog/9-best-ai-email-outreach-tools,,how-ai-email-writer-technology-transforms-cold-outreach-a-case-study-on-overloop,,591,,,Brand-centric slug. 301 to email outreach spoke.
MIGRATE,/blog/how-ai-follow-up-scheduling-boosts-sales-efficiency,KEEP URL,,how-ai-follow-up-scheduling-boosts-sales-efficiency,,5835,,,Has traffic/value. Template conversion.
301-KILL,/blog/how-ai-improves-follow-up-scheduling-in-sales,/blog,,how-ai-improves-follow-up-scheduling-in-sales,,168,,,"168 impr, 1 clicks"
301-KILL,/blog/how-ai-improves-multi-channel-campaign-scalability,/blog/10-best-practices-for-multi-channel-sales-campaigns,,how-ai-improves-multi-channel-campaign-scalability,,520,,,"520 impr, 0 clicks [Target improved from /blog to relevant article]"
301-KILL,/blog/how-ai-improves-real-time-data-sync-for-sales-teams,/blog,,how-ai-improves-real-time-data-sync-for-sales-teams,,86,,,"86 impr, 0 clicks"
301-KILL,/blog/how-ai-improves-sales-roi-over-time,/blog,,how-ai-improves-sales-roi-over-time,,90,,,"90 impr, 1 clicks"
301-CONSOLIDATE,/blog/how-an-ai-sales-tool-transformed-b2b-sales-teams-case-study-and-ai-sales-tool-reviews-2025,/blog/best-ai-sales-tools,,how-an-ai-sales-tool-transformed-b2b-sales-teams-case-study-and-ai-sales-tool-reviews-2025,,1998,,,Cannibalizes stronger article.
301-KILL,/blog/how-long-build-sales-process,/blog,,how-long-build-sales-process,,0,,,Zero GSC impressions
301-KILL,/blog/how-to-automate-sales-leads-list-management-for-small-businesses-the-ultimate-guide,/blog,,how-to-automate-sales-leads-list-management-for-small-businesses-the-ultimate-guide,,131,,,"131 impr, 0 clicks"
MIGRATE,/blog/how-to-build-scalable-lead-generation-workflows,KEEP URL,,how-to-build-scalable-lead-generation-workflows,,2325,,,Has traffic/value. Template conversion.
REWRITE,/blog/how-to-compose-a-follow-up-email,KEEP URL,,how-to-compose-a-follow-up-email,,672,,,Core topic. Full rewrite needed.
REWRITE,/blog/how-to-find-someone-email-address-efficiently,KEEP URL,,how-to-find-someone-email-address-efficiently,,1,,,"#1 priority. 98K impressions, 2221 keywords, #1 for 'find someone's email address'. Rewrite as definitive guide. E-E-A-T: author bio, Overloop data, screenshots."
301-KILL,/blog/how-to-master-sales-prospecting-with-overloop-s-automation-tools,/blog/top-8-sales-prospecting-tools-for-small-business-teams,,how-to-master-sales-prospecting-with-overloop-s-automation-tools,,1142,,,Brand-centric slug. 301 to prospecting tools.
301-KILL,/blog/how-to-scale-b2b-sales-with-ai-platforms,/blog,,how-to-scale-b2b-sales-with-ai-platforms,,185,,,"185 impr, 0 clicks"
301-KILL,/blog/how-to-use-an-ai-sales-assistant-the-b2b-sales-team-s-step-by-step-guide,/blog,,how-to-use-an-ai-sales-assistant-the-b2b-sales-team-s-step-by-step-guide,,0,,,Zero GSC impressions
MIGRATE,/blog/how-to-use-overloop-email-finder-step-by-step-for-effortless-lead-generation,KEEP URL,,how-to-use-overloop-email-finder-step-by-step-for-effortless-lead-generation,,7498,,,Has traffic/value. Template conversion.
301-KILL,/blog/how-to-use-sales-software-for-b2b-lead-generation-and-tracking-a-step-by-step-guide-for-startups,/blog,,how-to-use-sales-software-for-b2b-lead-generation-and-tracking-a-step-by-step-guide-for-startups,,144,,,"144 impr, 0 clicks"
REWRITE,/blog/how-to-write-a-successful-cold-email,KEEP URL,,how-to-write-a-successful-cold-email,,34057,,,Core topic. Full rewrite needed.
MIGRATE,/blog/how-to-write-a-successful-follow-up-email,KEEP URL,,how-to-write-a-successful-follow-up-email,,7589,,,User override: keep as MIGRATE.
301-KILL,/blog/how-to-write-good-emails,/blog/whats-the-best-email-length-for-sales-outreach,,how-to-write-good-emails,,3,,,Too generic. KD 40. 301 to email length page (Zendesk backlinks).
REWRITE,/blog/how-to-write-personalized-sales-emails-at-scale,KEEP URL,,how-to-write-personalized-sales-emails-at-scale,,5637,,,Core topic. Full rewrite needed.
REWRITE,/blog/increase-reply-rate,KEEP URL,,increase-reply-rate,,209,,,Core topic. Full rewrite needed.
MIGRATE,/blog/increase-saas-sales-growth-system,KEEP URL,,increase-saas-sales-growth-system,,2463,,,User override: keep as MIGRATE.
301-KILL,/blog/increase-your-saas-sales-during-holiday-season,/blog,,increase-your-saas-sales-during-holiday-season,,212,,,"212 impr, 2 clicks"
MIGRATE,/blog/inside-sales-outside-sales,KEEP URL,,inside-sales-outside-sales,,5993,,,User override: keep as MIGRATE.
VS-REDIRECT,/blog/instantly-vs-lemlist,/versus/instantly-vs-lemlist,,instantly-vs-lemlist,,2451,,,Redirect to new /versus/ section.
MIGRATE,/blog/kickstart-sales-career-2,KEEP URL,,kickstart-sales-career-2,,1358,,,User override: keep as MIGRATE.
MIGRATE,/blog/know-prospect-find,KEEP URL,,know-prospect-find,,8131,,,"Pos 4 Ahrefs, 4 ref domains. Low volume but ranks well. Keep."
REWRITE,/blog/la-growth-machine-review,KEEP URL,,la-growth-machine-review,,821,,,"Vol 500, KD 6, pos 14. Same honest review approach. First-person experience: 'We tested LGM for 30 days.'"
301-KILL,/blog/lead-generation-hire,/blog,,lead-generation-hire,,11,,,"11 impr, 0 clicks"
MIGRATE,/blog/lead-generation-strategies-every-saas-business-should-try-today,KEEP URL,,lead-generation-strategies-every-saas-business-should-try-today,,3460,,,Has traffic/value. Template conversion.
VS-REDIRECT,/blog/lemlist-vs-apollo,/versus/lemlist-vs-apollo,,lemlist-vs-apollo,,2310,,,Redirect to new /versus/ section.
REWRITE,/blog/linkedin-helper-review,KEEP URL,,linkedin-helper-review,,752,,,"Vol 500, KD 5, pos 12. Add disclosure: 'We're Overloop, a competitor.' Honest pros/cons with real screenshots. E-E-A-T compliant."
301-KILL,/blog/linkedin-outreach,/blog/8-best-ai-linkedin-outreach-tools,,linkedin-outreach,,377,,,Good slug (vol 300) but zero traction. Cannibalizes LinkedIn spoke. 301 there.
MIGRATE,/blog/linkedin-vs-email-which-performs-better-for-b2b-outreach,KEEP URL,,linkedin-vs-email-which-performs-better-for-b2b-outreach,,25186,,,User override: keep as MIGRATE.
301-KILL,/blog/lists-improvements,/blog,,lists-improvements,,62,,,Product update — obsolete.
301-CONSOLIDATE,/blog/main-sales-objections,/blog/deal-objections,,main-sales-objections,,97,,,Cannibalizes stronger article.
301-KILL,/blog/manage-sales-pipeline,/blog/pre-call-planning,,manage-sales-pipeline,,393,,,Not core product. 301 to blog. [Target improved from /blog to relevant article]
301-KILL,/blog/manage-team-hit-sales-target,/blog,,manage-team-hit-sales-target,,7,,,"7 impr, 0 clicks"
301-KILL,/blog/multiple-events,/blog,,multiple-events,,22,,,Product feature. No SEO value. 301 → blog index.
301-KILL,/blog/new-dashboard,/blog,,new-dashboard,,225,,,Product update — obsolete.
301-KILL,/blog/new-integration-settings,/blog,,new-integration-settings,,31,,,Product update — obsolete.
301-KILL,/blog/not-doing-social-selling-youre-wrong,/blog,,not-doing-social-selling-youre-wrong,,143,,,"143 impr, 0 clicks"
301-KILL,/blog/overloop-ai-the-future-of-sales,/blog/best-ai-sales-tools,,overloop-ai-the-future-of-sales,,2460,,,Fluff content. No SEO value. 301 → blog index. [Target improved from /blog to relevant article]
MIGRATE,/blog/overloop-joins-sortlist,KEEP URL,,overloop-joins-sortlist,,832,,,User override: keep as MIGRATE.
301-KILL,/blog/overloop-reshapes-outbound-workflows-with-a-simpler-more-flexible-platform-update,/blog,,overloop-reshapes-outbound-workflows-with-a-simpler-more-flexible-platform-update,,448,,,Product update. No SEO value. 301 → blog index.
VS-REDIRECT,/blog/overloop-vs-apollo,/versus/overloop-vs-apollo,,overloop-vs-apollo,,1334,,,Redirect to new /versus/ section.
VS-REDIRECT,/blog/overloop-vs-artisan,/versus/overloop-vs-artisan,,overloop-vs-artisan,,1150,,,Redirect to new /versus/ section.
VS-REDIRECT,/blog/overloop-vs-hubspot,/versus/overloop-vs-hubspot,,overloop-vs-hubspot,,66,,,Redirect to new /versus/ section.
VS-REDIRECT,/blog/overloop-vs-instantly,/versus/overloop-vs-instantly,,overloop-vs-instantly,,1838,,,Redirect to new /versus/ section.
VS-REDIRECT,/blog/overloop-vs-lemlist,/versus/overloop-vs-lemlist,,overloop-vs-lemlist,,213,,,Redirect to new /versus/ section.
VS-REDIRECT,/blog/overloop-vs-reply,/versus/overloop-vs-reply,,overloop-vs-reply,,505,,,Redirect to new /versus/ section.
VS-REDIRECT,/blog/overloop-vs-saleshandy,/versus/overloop-vs-saleshandy,,overloop-vs-saleshandy,,235,,,Redirect to new /versus/ section.
MIGRATE,/blog/perfect-follow-up-email-campaign,KEEP URL,,perfect-follow-up-email-campaign,,4081,,,User override: keep as MIGRATE.
MIGRATE,/blog/pre-call-planning,KEEP URL,,pre-call-planning,,9949,,,User override: keep as MIGRATE.
301-KILL,/blog/quick-guide-lead-generation-for-2019,/blog,,quick-guide-lead-generation-for-2019,,8,,,"8 impr, 0 clicks"
301-KILL,/blog/real-time-data-sync-how-it-boosts-multi-channel-campaigns,/blog/10-best-practices-for-multi-channel-sales-campaigns,,real-time-data-sync-how-it-boosts-multi-channel-campaigns,,2037,,,"2037 impr, 0 clicks [Target improved from /blog to relevant article]"
301-KILL,/blog/reports-v2,/blog,,reports-v2,,9,,,Product update — obsolete.
301-KILL,/blog/revolutionize-b2b-sales-how-to-automate-multi-channel-follow-ups-with-an-ai-email-assistant,/blog,,revolutionize-b2b-sales-how-to-automate-multi-channel-follow-ups-with-an-ai-email-assistant,,106,,,"106 impr, 0 clicks"
MIGRATE,/blog/sales-appointment-setting,KEEP URL,,sales-appointment-setting,,629,,,User override: keep as MIGRATE.
301-KILL,/blog/sales-automation-account-based-selling,/blog,,sales-automation-account-based-selling,,6,,,"6 impr, 0 clicks"
MIGRATE,/blog/sales-email-tips-to-help-you-close-more-deals,KEEP URL,,sales-email-tips-to-help-you-close-more-deals,,2885,,,Has traffic/value. Template conversion.
MIGRATE,/blog/sales-engagement-platforms-compared-top-sales-engagement-platforms-2025-versus-guide,KEEP URL,,sales-engagement-platforms-compared-top-sales-engagement-platforms-2025-versus-guide,,1636,,,140 AI hits (122 GPT). LLMs cite this actively.
301-KILL,/blog/sales-lessons-fbi-hostage-negotiator,/blog,,sales-lessons-fbi-hostage-negotiator,,28,,,"28 impr, 0 clicks"
MIGRATE,/blog/sales-presentations,KEEP URL,,sales-presentations,,30,,,18 AI hits (17 Perplexity). Perplexity sources this.
301-KILL,/blog/sales-prospecting-guide-from-cold-leads-to-meetings,/blog,,sales-prospecting-guide-from-cold-leads-to-meetings,,91,,,"91 impr, 0 clicks"
301-KILL,/blog/sales-skills,/blog/5-rules-more-successful-salespeople,,sales-skills,,959,,,"959 impr, 0 clicks [Target improved from /blog to relevant article]"
301-KILL,/blog/sales-strategies-analyse-the-prospects-that-turn-you-down,/blog,,sales-strategies-analyse-the-prospects-that-turn-you-down,,1,,,"1 impr, 0 clicks"
301-KILL,/blog/salesforce-2-way-sync,/blog,,salesforce-2-way-sync,,290,,,Product update — obsolete.
MIGRATE,/blog/seasonal-sales,KEEP URL,,seasonal-sales,,899,,,User override: keep as MIGRATE.
301-KILL,/blog/startup-founders-mistake-sales,/blog,,startup-founders-mistake-sales,,312,,,"312 impr, 0 clicks"
301-KILL,/blog/store,/blog,,store,,6,,,Product update — obsolete.
301-KILL,/blog/team-retreat-important,/blog,,team-retreat-important,,12,,,OFF-TOPIC. Team culture. 301 to blog index.
301-KILL,/blog/the-3-most-common-mistakes-when-it-comes-to-outreach-emailing,/blog,,the-3-most-common-mistakes-when-it-comes-to-outreach-emailing,,35,,,"35 impr, 0 clicks"
301-KILL,/blog/the-guide-to-incorporating-video-into-your-sales-strategy,/blog,,the-guide-to-incorporating-video-into-your-sales-strategy,,52,,,"52 impr, 0 clicks"
301-KILL,/blog/the-sate-of-field-sales-infographic,/blog,,the-sate-of-field-sales-infographic,,47,,,"47 impr, 0 clicks"
MIGRATE,/blog/the-ultimate-checklist-for-selecting-the-best-ai-sdr-tools-in-2025,KEEP URL,,the-ultimate-checklist-for-selecting-the-best-ai-sdr-tools-in-2025,,13770,,,User override: keep as MIGRATE.
301-KILL,/blog/the-ultimate-guide-to-b2b-sales-automation-solutions-in-2025,/blog/best-ai-sales-tools,,the-ultimate-guide-to-b2b-sales-automation-solutions-in-2025,,1253,,,Good slug keyword but no traction. 301 to AI tools hub.
301-KILL,/blog/the-ultimate-guide-to-choosing-a-sales-platform-for-outbound-lead-generation,/blog/best-ai-sales-tools,,the-ultimate-guide-to-choosing-a-sales-platform-for-outbound-lead-generation,,1106,,,"1106 impr, 0 clicks [Target improved from /blog to relevant article]"
301-CONSOLIDATE,/blog/the-ultimate-guide-to-email-outreach-automation-for-b2b-sales-teams,/blog/9-best-ai-email-outreach-tools,,the-ultimate-guide-to-email-outreach-automation-for-b2b-sales-teams,,543,,,Cannibalizes stronger article.
MIGRATE,/blog/the-ultimate-guide-to-linkedin-automation-boost-b2b-sales-in-2025,KEEP URL,,the-ultimate-guide-to-linkedin-automation-boost-b2b-sales-in-2025,,24870,,,"4.5K impressions, 241 keywords. Solid guide. Links to LinkedIn spoke + linkedin-helper-review."
301-KILL,/blog/the-ultimate-guide-to-outbound-sales-strategies-software-and-success-for-b2b-companies,/blog,,the-ultimate-guide-to-outbound-sales-strategies-software-and-success-for-b2b-companies,,65,,,"65 impr, 0 clicks"
301-CONSOLIDATE,/blog/the-ultimate-guide-to-sales-leads-generation-for-b2b-teams-automation-strategies-and-tools,/blog/best-ai-sales-tools,,the-ultimate-guide-to-sales-leads-generation-for-b2b-teams-automation-strategies-and-tools,,1774,,,Cannibalizes stronger article.
301-KILL,/blog/the-ultimate-guide-to-sales-platform-features-and-benefits-for-outbound-lead-generation,/blog,,the-ultimate-guide-to-sales-platform-features-and-benefits-for-outbound-lead-generation,,1472,,,"1472 impr, 0 clicks. 40 AI hits — REVIEW"
301-KILL,/blog/the-ultimate-guide-to-sales-tools-for-modern-b2b-teams-in-2025,/blog,,the-ultimate-guide-to-sales-tools-for-modern-b2b-teams-in-2025,,160,,,"160 impr, 1 clicks"
MIGRATE,/blog/top-8-sales-prospecting-tools-for-small-business-teams,KEEP URL,,top-8-sales-prospecting-tools-for-small-business-teams,,7669,,,3.6K impressions. Absorbs 301 from 7-ai-sales-prospecting-tools. On-topic.
301-CONSOLIDATE,/blog/top-ai-sdr-strategies-to-boost-your-b2b-sales-in-2025,/blog/11-best-ai-bdr-tools,,top-ai-sdr-strategies-to-boost-your-b2b-sales-in-2025,,4470,,,Cannibalizes stronger article.
301-KILL,/blog/ultimate-cold-email-checklist,/blog/5-main-steps-for-an-effective-cold-email-marketing-strategy,,ultimate-cold-email-checklist,,387,,,Consolidate into cold email strategy page.
301-KILL,/blog/unique-selling-proposition,/blog,,unique-selling-proposition,,401,,,Good keyword (vol 300) but generic business concept. Not Overloop's lane. 301 to blog index.
301-KILL,/blog/unsubscribe-link,/blog,,unsubscribe-link,,146,,,Product update — obsolete.
301-KILL,/blog/web-application-re-design,/blog,,web-application-re-design,,11,,,Product update — obsolete.
REWRITE,/blog/whats-the-best-email-length-for-sales-outreach,KEEP URL,,whats-the-best-email-length-for-sales-outreach,,37005,,,"ZENDESK BACKLINKS: 10+ Zendesk pages DR93, Beehiiv DR91, Instantly DR78. Update with 2026 data from Overloop sends."
301-KILL,/blog/why-are-we-starting-this-blog,/blog,,why-are-we-starting-this-blog,,6,,,Product update — obsolete.
301-KILL,/blog/write-cold-email-make-hot,/blog/5-main-steps-for-an-effective-cold-email-marketing-strategy,,write-cold-email-make-hot,,67,,,Consolidate.
301-KILL-INTL,/fr/blog/trouver-adresse-email-quelquun,/blog/how-to-find-someone-email-address-efficiently,International (FR),,0,0,0,0,"Vol 500 for FR keyword. 4 clicks, 202 GSC keywords. Best intl page. 301 to EN. Reconsider IF investing in FR."
301-KILL-INTL,/fr/blog/obtenir-emails-linkedin,/blog/get-email-from-linkedin-profile,International (FR),,0,0,0,0,Auto-translated FR page. 301 to EN equivalent.
301-KILL-INTL,/fr/blog/mots-declencheurs-copywriting-email,/blog/500-trigger-words,International (FR),,0,0,0,0,Auto-translated FR page. 301 to EN equivalent.
301-KILL-INTL,/fr/blog/meilleur-logiciel-cold-email,/blog/9-best-ai-email-outreach-tools,International (FR),,0,0,0,0,Auto-translated FR page. 301 to EN equivalent.
301-KILL-INTL,/fr/blog/meilleurs-outils-ia-bdr,/blog/11-best-ai-bdr-tools,International (FR),,0,0,0,0,Auto-translated FR page. 301 to EN equivalent.
301-KILL-INTL,/fr/blog/meilleurs-outils-automatisation-linkedin-b2b,/blog/8-best-ai-linkedin-outreach-tools,International (FR),,0,0,0,0,Auto-translated FR page. 301 to EN equivalent.
301-KILL-INTL,/fr/blog/avis-la-growth-machine,/blog/la-growth-machine-review,International (FR),,0,0,0,0,Auto-translated FR page. 301 to EN equivalent.
301-KILL-INTL,/fr/blog/heyreach-avis,/blog/8-best-ai-linkedin-outreach-tools,International (FR),,0,0,0,0,Auto-translated FR page. 301 to EN equivalent.
301-KILL-INTL,/fr/blog/linkedin-helper-review,/blog/linkedin-helper-review,International (FR),,0,0,0,0,Auto-translated FR page. 301 to EN equivalent.
301-KILL-INTL,/fr/blog/alternatives-apollo-prospection-b2b,/blog/apollo-alternatives,International (FR),,0,0,0,0,Auto-translated FR page. 301 to EN equivalent.
301-KILL-INTL,/fr/blog/overloop-vs-hubspot,/blog/apollo-alternatives,International (FR),,0,0,0,0,Auto-translated FR page. 301 to EN equivalent.
301-KILL-INTL,/fr/blog/overloop-vs-reply,/blog/apollo-alternatives,International (FR),,0,0,0,0,Auto-translated FR page. 301 to EN equivalent.
301-KILL-INTL,/fr/blog/overloop-ou-saleshandy,/blog/apollo-alternatives,International (FR),,0,0,0,0,Auto-translated FR page. 301 to EN equivalent.
301-KILL-INTL,/fr/blog/overloop-vs-instantly,/blog/apollo-alternatives,International (FR),,0,0,0,0,Auto-translated FR page. 301 to EN equivalent.
301-KILL-INTL,/fr/blog/overloop-vs-apollo,/blog/apollo-alternatives,International (FR),,0,0,0,0,Auto-translated FR page. 301 to EN equivalent.
301-KILL-INTL,/fr/blog/proposition-vente-unique-usp,/blog,International (FR),,0,0,0,0,Off-topic
301-KILL-INTL,/fr/blog/films-vente-favoris-commerciaux,/blog,International (FR),,0,0,0,0,Off-topic
301-KILL-INTL,/fr/blog/importance-seminaire-equipe,/blog,International (FR),,0,0,0,0,Off-topic
301-KILL-INTL,/fr/blog/overloop-ai-avenir-ventes,/blog,International (FR),,0,0,0,0,Product news
301-KILL-INTL,/fr/blog/overloop-rejoint-sortlist,/blog,International (FR),,0,0,0,0,Company news
301-KILL-INTL,/fr/blog/augmenter-ventes-saas-croissance,/blog,International (FR),,0,0,0,0,Auto-translated FR page. 301 to EN equivalent.
301-KILL-INTL,/fr/blog/prendre-rendez-vous-vente,/blog,International (FR),,0,0,0,0,Auto-translated FR page. 301 to EN equivalent.
301-KILL-INTL,/fr/blog/identifier-prospects-cibles,/blog/know-prospect-find,International (FR),,0,0,0,0,Auto-translated FR page. 301 to EN equivalent.
301-KILL-INTL,/fr/blog/sequence-emails-suivi-parfaite,/blog/5-main-steps-for-an-effective-cold-email-marketing-strategy,International (FR),,0,0,0,0,Auto-translated FR page. 301 to EN equivalent.
301-KILL-INTL,/fr/blog/email-suivi-reussi-etapes,/blog/5-main-steps-for-an-effective-cold-email-marketing-strategy,International (FR),,0,0,0,0,Auto-translated FR page. 301 to EN equivalent.
301-KILL-INTL,/fr/blog/checklist-email-froid,/blog/5-main-steps-for-an-effective-cold-email-marketing-strategy,International (FR),,0,0,0,0,Auto-translated FR page. 301 to EN equivalent.
301-KILL-INTL,/fr/blog/regles-cold-email-efficaces,/blog/5-main-steps-for-an-effective-cold-email-marketing-strategy,International (FR),,0,0,0,0,Auto-translated FR page. 301 to EN equivalent.
301-KILL-INTL,/fr/blog/raisons-rebond-emails-comment-eviter,/blog/7-reasons-emails-bounce,International (FR),,0,0,0,0,Auto-translated FR page. 301 to EN equivalent.
301-KILL-INTL,/fr/blog/prospection-linkedin-obtenir-reponses,/blog/8-best-ai-linkedin-outreach-tools,International (FR),,0,0,0,0,Auto-translated FR page. 301 to EN equivalent.
301-KILL-INTL,/fr/blog/the-ultimate-guide-to-linkedin-automation-boost-b2b-sales-in-2025,/blog/the-ultimate-guide-to-linkedin-automation-boost-b2b-sales-in-2025,International (FR),,0,0,0,0,Auto-translated FR page. 301 to EN equivalent.
301-KILL-INTL,/fr/blog/linkedin-vs-email-prospection-b2b,/blog/8-best-ai-linkedin-outreach-tools,International (FR),,0,0,0,0,Auto-translated FR page. 301 to EN equivalent.
301-KILL-INTL,/fr/blog/indicateurs-cles-performance-vente,/blog,International (FR),,0,0,0,0,Auto-translated FR page. 301 to EN equivalent.
301-KILL-INTL,/fr/blog/raisons-processus-vente-defaillant,/blog,International (FR),,0,0,0,0,Auto-translated FR page. 301 to EN equivalent.
301-KILL-INTL,/fr/blog/phrases-eviter-email-vente,/blog/500-trigger-words,International (FR),,0,0,0,0,Auto-translated FR page. 301 to EN equivalent.
301-KILL-INTL,/fr/blog/mots-spam-eviter-emails,/blog/455-email-spam-trigger-words-avoid-2018,International (FR),,0,0,0,0,Auto-translated FR page. 301 to EN equivalent.
301-KILL-INTL,/fr/blog/erreurs-prospection-email-eviter,/blog/5-main-steps-for-an-effective-cold-email-marketing-strategy,International (FR),,0,0,0,0,Auto-translated FR page. 301 to EN equivalent.
301-KILL-INTL,/fr/blog/lignes-objet-cold-email-performantes,/blog/500-trigger-words,International (FR),,0,0,0,0,Auto-translated FR page. 301 to EN equivalent.
301-KILL-INTL,/fr/blog/pourquoi-ne-pas-acheter-listes-emails,/blog/cold-email-illegal,International (FR),,0,0,0,0,Auto-translated FR page. 301 to EN equivalent.
301-KILL-INTL,/fr/blog/meilleurs-agents-ia-ventes,/blog/11-best-ai-bdr-tools,International (FR),,0,0,0,0,Auto-translated FR page. 301 to EN equivalent.
301-KILL-INTL,/fr/blog/apollo-vs-lemlist-comparatif-prospection,/blog/apollo-alternatives,International (FR),,0,0,0,0,Auto-translated FR page. 301 to EN equivalent.
301-KILL-INTL,/fr/blog/gerer-pipeline-ventes,/blog,International (FR),,0,0,0,0,Auto-translated FR page. 301 to EN equivalent.
301-KILL-INTL,/fr/blog/maitriser-prospection-commerciale-automatisation,/blog/top-8-sales-prospecting-tools-for-small-business-teams,International (FR),,0,0,0,0,Auto-translated FR page. 301 to EN equivalent.
301-KILL-INTL,/fr/blog/automatisation-ventes-b2b,/blog/best-ai-sales-tools,International (FR),,0,0,0,0,Auto-translated FR page. 301 to EN equivalent.
301-KILL-INTL,/fr/blog/ia-redaction-emails-cold-outreach,/blog/9-best-ai-email-outreach-tools,International (FR),,0,0,0,0,Auto-translated FR page. 301 to EN equivalent.
301-KILL-INTL,/fr/blog/cold-email-est-il-illegal,/blog/cold-email-illegal,International (FR),,0,0,0,0,Auto-translated FR page. 301 to EN equivalent.
301-KILL-INTL,/fr/blog/copywriting-cold-email-conseils,/blog/500-trigger-words,International (FR),,0,0,0,0,Auto-translated FR page. 301 to EN equivalent.
301-KILL-INTL,/fr/blog/statistiques-cold-email,/blog/cold-email-stats-2018,International (FR),,0,0,0,0,Auto-translated FR page. 301 to EN equivalent.
301-KILL-INTL,/fr/blog/cold-email-link-building,/blog/cold-emailing-link-building,International (FR),,0,0,0,0,Auto-translated FR page. 301 to EN equivalent.
301-KILL-INTL,/fr/blog/integration-calendly,/blog,International (FR),,0,0,0,0,Product feature
301-KILL-INTL,/fr/blog/longueur-cold-email,/blog/whats-the-best-email-length-for-sales-outreach,International (FR),,0,0,0,0,Auto-translated FR page. 301 to EN equivalent.
301-KILL-INTL,/fr/blog/meilleures-pratiques-campagnes-vente-multicanal,/blog/9-best-ai-email-outreach-tools,International (FR),,0,0,0,0,Auto-translated FR page. 301 to EN equivalent.
301-KILL-INTL,/fr/blog/conseils-eviter-dossier-spam,/blog/455-email-spam-trigger-words-avoid-2018,International (FR),,0,0,0,0,Auto-translated FR page. 301 to EN equivalent.
301-KILL-INTL,/fr/blog/rediger-bons-emails,/blog/whats-the-best-email-length-for-sales-outreach,International (FR),,0,0,0,0,Auto-translated FR page. 301 to EN equivalent.
301-KILL-INTL,/fr/blog/bonnes-pratiques-liens-emails,/blog/best-practices-for-links-in-your-emails,International (FR),,0,0,0,0,Auto-translated FR page. 301 to EN equivalent.
301-KILL-INTL,/fr/blog/test-ab-campagnes-email,/blog/5-main-steps-for-an-effective-cold-email-marketing-strategy,International (FR),,0,0,0,0,Auto-translated FR page. 301 to EN equivalent.
301-KILL-INTL,/fr/blog/multiple-events,/blog,International (FR),,0,0,0,0,Product feature
301-KILL-INTL,/fr/blog,/blog,International (FR),,0,0,0,0,Blog index
301-KILL-INTL,/es/blog/encontrar-correo-electronico,/blog/how-to-find-someone-email-address-efficiently,International (ES),,0,0,0,0,"17 clicks, 227 GSC keywords. Best ES page. 301 to EN."
301-KILL-INTL,/es/blog/correos-perfil-linkedin,/blog/get-email-from-linkedin-profile,International (ES),,0,0,0,0,Auto-translated ES page. 301 to EN equivalent.
301-KILL-INTL,/es/blog/500-palabras-detonantes,/blog/500-trigger-words,International (ES),,0,0,0,0,Auto-translated ES page. 301 to EN equivalent.
301-KILL-INTL,/es/blog/peliculas-ventas-favoritas-vendedores,/blog,International (ES),,0,0,0,0,Off-topic
301-KILL-INTL,/es/blog/mejor-software-correo-frio,/blog/9-best-ai-email-outreach-tools,International (ES),,0,0,0,0,Auto-translated ES page. 301 to EN equivalent.
301-KILL-INTL,/es/blog/mejores-herramientas-ia-bdr,/blog/11-best-ai-bdr-tools,International (ES),,0,0,0,0,Auto-translated ES page. 301 to EN equivalent.
301-KILL-INTL,/es/blog/mejores-herramientas-automatizacion-linkedin,/blog/8-best-ai-linkedin-outreach-tools,International (ES),,0,0,0,0,Auto-translated ES page. 301 to EN equivalent.
301-KILL-INTL,/es/blog/alternativas-apollo,/blog/apollo-alternatives,International (ES),,0,0,0,0,Auto-translated ES page. 301 to EN equivalent.
301-KILL-INTL,/es/blog/resena-la-growth-machine,/blog/la-growth-machine-review,International (ES),,0,0,0,0,Auto-translated ES page. 301 to EN equivalent.
301-KILL-INTL,/es/blog/resena-linkedin-helper,/blog/linkedin-helper-review,International (ES),,0,0,0,0,Auto-translated ES page. 301 to EN equivalent.
301-KILL-INTL,/es/blog/linkedin-helper-review,/blog/linkedin-helper-review,International (ES),,0,0,0,0,Auto-translated ES page. 301 to EN equivalent.
301-KILL-INTL,/es/blog/overloop-vs-saleshandy,/blog/apollo-alternatives,International (ES),,0,0,0,0,Auto-translated ES page. 301 to EN equivalent.
301-KILL-INTL,/es/blog/overloop-se-une-sortlist,/blog,International (ES),,0,0,0,0,Company news
301-KILL-INTL,/es/blog/overloop-nueva-plataforma-workflows-salientes,/blog,International (ES),,0,0,0,0,Product news
301-KILL-INTL,/es/blog/overloop-ai-ventas,/blog,International (ES),,0,0,0,0,Product news
301-KILL-INTL,/es/blog/overloop-vs-apollo-comparativa,/blog/apollo-alternatives,International (ES),,0,0,0,0,Auto-translated ES page. 301 to EN equivalent.
301-KILL-INTL,/es/blog/overloop-vs-instantly-comparativa,/blog/apollo-alternatives,International (ES),,0,0,0,0,Auto-translated ES page. 301 to EN equivalent.
301-KILL-INTL,/es/blog/propuesta-unica-de-venta,/blog,International (ES),,0,0,0,0,Off-topic
301-KILL-INTL,/es/blog/correo-seguimiento,/blog/5-main-steps-for-an-effective-cold-email-marketing-strategy,International (ES),,0,0,0,0,Auto-translated ES page. 301 to EN equivalent.
301-KILL-INTL,/es/blog/perfect-follow-up-email-campaign,/blog/5-main-steps-for-an-effective-cold-email-marketing-strategy,International (ES),,0,0,0,0,Auto-translated ES page. 301 to EN equivalent.
301-KILL-INTL,/es/blog/secuencia-correos-seguimiento,/blog/5-main-steps-for-an-effective-cold-email-marketing-strategy,International (ES),,0,0,0,0,Auto-translated ES page. 301 to EN equivalent.
301-KILL-INTL,/es/blog/software-prospeccion-email,/blog/9-best-ai-email-outreach-tools,International (ES),,0,0,0,0,Auto-translated ES page. 301 to EN equivalent.
301-KILL-INTL,/es/blog/errores-prospeccion-email-frio,/blog/5-main-steps-for-an-effective-cold-email-marketing-strategy,International (ES),,0,0,0,0,Auto-translated ES page. 301 to EN equivalent.
301-KILL-INTL,/es/blog/prospectar-clientes,/blog/know-prospect-find,International (ES),,0,0,0,0,Auto-translated ES page. 301 to EN equivalent.
301-KILL-INTL,/es/blog/citas-de-ventas,/blog,International (ES),,0,0,0,0,Auto-translated ES page. 301 to EN equivalent.
301-KILL-INTL,/es/blog/canal-de-ventas,/blog,International (ES),,0,0,0,0,Auto-translated ES page. 301 to EN equivalent.
301-KILL-INTL,/es/blog/metricas-ventas-imprescindibles,/blog,International (ES),,0,0,0,0,Auto-translated ES page. 301 to EN equivalent.
301-KILL-INTL,/es/blog/retiro-equipo-importancia,/blog,International (ES),,0,0,0,0,Off-topic
301-KILL-INTL,/es/blog/razones-rebote-emails-como-evitarlo,/blog/7-reasons-emails-bounce,International (ES),,0,0,0,0,Auto-translated ES page. 301 to EN equivalent.
301-KILL-INTL,/es/blog/guia-completa-heyreach,/blog/8-best-ai-linkedin-outreach-tools,International (ES),,0,0,0,0,Auto-translated ES page. 301 to EN equivalent.
301-KILL-INTL,/es/blog/apollo-vs-lemlist-comparativa,/blog/apollo-alternatives,International (ES),,0,0,0,0,Auto-translated ES page. 301 to EN equivalent.
301-KILL-INTL,/es/blog/mejores-herramientas-agentes-ia-ventas,/blog/11-best-ai-bdr-tools,International (ES),,0,0,0,0,Auto-translated ES page. 301 to EN equivalent.
301-KILL-INTL,/es/blog/guia-automatizacion-linkedin-2025,/blog/the-ultimate-guide-to-linkedin-automation-boost-b2b-sales-in-2025,International (ES),,0,0,0,0,Auto-translated ES page. 301 to EN equivalent.
301-KILL-INTL,/es/blog/prospeccion-ventas-ia,/blog/top-8-sales-prospecting-tools-for-small-business-teams,International (ES),,0,0,0,0,Auto-translated ES page. 301 to EN equivalent.
301-KILL-INTL,/es/blog/ia-correo-electronico-divulgacion-fria,/blog/9-best-ai-email-outreach-tools,International (ES),,0,0,0,0,Auto-translated ES page. 301 to EN equivalent.
301-KILL-INTL,/es/blog/guia-automatizacion-ventas-b2b-2025,/blog/best-ai-sales-tools,International (ES),,0,0,0,0,Auto-translated ES page. 301 to EN equivalent.
301-KILL-INTL,/es/blog/calendly-integration,/blog,International (ES),,0,0,0,0,Product feature
301-KILL-INTL,/es/blog/reglas-correo-frio,/blog/5-main-steps-for-an-effective-cold-email-marketing-strategy,International (ES),,0,0,0,0,Auto-translated ES page. 301 to EN equivalent.
301-KILL-INTL,/es/blog/email-frio-es-ilegal,/blog/cold-email-illegal,International (ES),,0,0,0,0,Auto-translated ES page. 301 to EN equivalent.
301-KILL-INTL,/es/blog/frases-prohibidas-email-ventas,/blog/500-trigger-words,International (ES),,0,0,0,0,Auto-translated ES page. 301 to EN equivalent.
301-KILL-INTL,/es/blog/mejores-practicas-campanas-ventas-multicanal,/blog/9-best-ai-email-outreach-tools,International (ES),,0,0,0,0,Auto-translated ES page. 301 to EN equivalent.
301-KILL-INTL,/es/blog/lineas-asunto-correo-frio,/blog/500-trigger-words,International (ES),,0,0,0,0,Auto-translated ES page. 301 to EN equivalent.
301-KILL-INTL,/es/blog/palabras-spam-evitar-email,/blog/455-email-spam-trigger-words-avoid-2018,International (ES),,0,0,0,0,Auto-translated ES page. 301 to EN equivalent.
301-KILL-INTL,/es/blog/proceso-ventas-roto-razones,/blog,International (ES),,0,0,0,0,Auto-translated ES page. 301 to EN equivalent.
301-KILL-INTL,/es/blog/comprar-listas-de-correo-electronico,/blog/cold-email-illegal,International (ES),,0,0,0,0,Auto-translated ES page. 301 to EN equivalent.
301-KILL-INTL,/es/blog/linkedin-vs-email-comparativa-outreach-b2b,/blog/8-best-ai-linkedin-outreach-tools,International (ES),,0,0,0,0,Auto-translated ES page. 301 to EN equivalent.
301-KILL-INTL,/es/blog/consejos-evitar-carpeta-spam,/blog/455-email-spam-trigger-words-avoid-2018,International (ES),,0,0,0,0,Auto-translated ES page. 301 to EN equivalent.
301-KILL-INTL,/es/blog/copywriting-email-frio-consejos,/blog/500-trigger-words,International (ES),,0,0,0,0,Auto-translated ES page. 301 to EN equivalent.
301-KILL-INTL,/es/blog/checklist-email-frio,/blog/5-main-steps-for-an-effective-cold-email-marketing-strategy,International (ES),,0,0,0,0,Auto-translated ES page. 301 to EN equivalent.
301-KILL-INTL,/es/blog/email-frio-link-building-caso-estudio,/blog/cold-emailing-link-building,International (ES),,0,0,0,0,Auto-translated ES page. 301 to EN equivalent.
301-KILL-INTL,/es/blog/estadisticas-cold-email,/blog/cold-email-stats-2018,International (ES),,0,0,0,0,Auto-translated ES page. 301 to EN equivalent.
301-KILL-INTL,/es/blog/longitud-ideal-email-frio,/blog/whats-the-best-email-length-for-sales-outreach,International (ES),,0,0,0,0,Auto-translated ES page. 301 to EN equivalent.
301-KILL-INTL,/es/blog/enlaces-correos-electronicos,/blog/best-practices-for-links-in-your-emails,International (ES),,0,0,0,0,Auto-translated ES page. 301 to EN equivalent.
301-KILL-INTL,/es/blog/escribir-correos-electronicos,/blog/whats-the-best-email-length-for-sales-outreach,International (ES),,0,0,0,0,Auto-translated ES page. 301 to EN equivalent.
301-KILL-INTL,/es/blog/seguimiento-multiples-eventos,/blog,International (ES),,0,0,0,0,Product feature
301-KILL-INTL,/es/blog,/blog,International (ES),,0,0,0,0,Blog index
301-KILL-INTL,/it/blog/trovare-email-di-qualcuno,/blog/how-to-find-someone-email-address-efficiently,International (IT),,0,0,0,0,Auto-translated IT page. 301 to EN equivalent.
301-KILL-INTL,/it/blog/ottenere-email-da-linkedin,/blog/get-email-from-linkedin-profile,International (IT),,0,0,0,0,Auto-translated IT page. 301 to EN equivalent.
301-KILL-INTL,/it/blog/parole-trigger-copywriting,/blog/500-trigger-words,International (IT),,0,0,0,0,Auto-translated IT page. 301 to EN equivalent.
301-KILL-INTL,/it/blog/software-cold-email-b2b,/blog/9-best-ai-email-outreach-tools,International (IT),,0,0,0,0,Auto-translated IT page. 301 to EN equivalent.
301-KILL-INTL,/it/blog/miglior-software-cold-email,/blog/9-best-ai-email-outreach-tools,International (IT),,0,0,0,0,Auto-translated IT page. 301 to EN equivalent.
301-KILL-INTL,/it/blog/strumenti-ai-bdr,/blog/11-best-ai-bdr-tools,International (IT),,0,0,0,0,Auto-translated IT page. 301 to EN equivalent.
301-KILL-INTL,/it/blog/strumenti-ai-agent-vendite,/blog/11-best-ai-bdr-tools,International (IT),,0,0,0,0,Auto-translated IT page. 301 to EN equivalent.
301-KILL-INTL,/it/blog/strumenti-automazione-linkedin,/blog/8-best-ai-linkedin-outreach-tools,International (IT),,0,0,0,0,Auto-translated IT page. 301 to EN equivalent.
301-KILL-INTL,/it/blog/la-growth-machine-recensione,/blog/la-growth-machine-review,International (IT),,0,0,0,0,Auto-translated IT page. 301 to EN equivalent.
301-KILL-INTL,/it/blog/linkedin-helper-recensione,/blog/linkedin-helper-review,International (IT),,0,0,0,0,Auto-translated IT page. 301 to EN equivalent.
301-KILL-INTL,/it/blog/heyreach-recensione-linkedin,/blog/8-best-ai-linkedin-outreach-tools,International (IT),,0,0,0,0,Auto-translated IT page. 301 to EN equivalent.
301-KILL-INTL,/it/blog/alternative-apollo-vendite,/blog/apollo-alternatives,International (IT),,0,0,0,0,Auto-translated IT page. 301 to EN equivalent.
301-KILL-INTL,/it/blog/apollo-vs-lemlist,/blog/apollo-alternatives,International (IT),,0,0,0,0,Auto-translated IT page. 301 to EN equivalent.
301-KILL-INTL,/it/blog/overloop-vs-hubspot,/blog/apollo-alternatives,International (IT),,0,0,0,0,Auto-translated IT page. 301 to EN equivalent.
301-KILL-INTL,/it/blog/overloop-vs-saleshandy,/blog/apollo-alternatives,International (IT),,0,0,0,0,Auto-translated IT page. 301 to EN equivalent.
301-KILL-INTL,/it/blog/overloop-vs-instantly,/blog/apollo-alternatives,International (IT),,0,0,0,0,Auto-translated IT page. 301 to EN equivalent.
301-KILL-INTL,/it/blog/overloop-vs-apollo,/blog/apollo-alternatives,International (IT),,0,0,0,0,Auto-translated IT page. 301 to EN equivalent.
301-KILL-INTL,/it/blog/overloop-sortlist,/blog,International (IT),,0,0,0,0,Company news
301-KILL-INTL,/it/blog/aggiornamento-piattaforma-overloop,/blog,International (IT),,0,0,0,0,Product news
301-KILL-INTL,/it/blog/overloop-ai-futuro-vendite,/blog,International (IT),,0,0,0,0,Product news
301-KILL-INTL,/it/blog/proposta-di-valore-unica,/blog,International (IT),,0,0,0,0,Off-topic
301-KILL-INTL,/it/blog/film-sulla-vendita,/blog,International (IT),,0,0,0,0,Off-topic
301-KILL-INTL,/it/blog/importanza-ritiro-di-team,/blog,International (IT),,0,0,0,0,Off-topic
301-KILL-INTL,/it/blog/metriche-vendite-chiave,/blog,International (IT),,0,0,0,0,Auto-translated IT page. 301 to EN equivalent.
301-KILL-INTL,/it/blog/appuntamenti-commerciali,/blog,International (IT),,0,0,0,0,Auto-translated IT page. 301 to EN equivalent.
301-KILL-INTL,/it/blog/problemi-processo-vendita,/blog,International (IT),,0,0,0,0,Auto-translated IT page. 301 to EN equivalent.
301-KILL-INTL,/it/blog/come-trovare-prospect,/blog/know-prospect-find,International (IT),,0,0,0,0,Auto-translated IT page. 301 to EN equivalent.
301-KILL-INTL,/it/blog/gestire-pipeline-vendite,/blog,International (IT),,0,0,0,0,Auto-translated IT page. 301 to EN equivalent.
301-KILL-INTL,/it/blog/perche-rimbalzano-email,/blog/7-reasons-emails-bounce,International (IT),,0,0,0,0,Auto-translated IT page. 301 to EN equivalent.
301-KILL-INTL,/it/blog/perche-non-comprare-liste-email,/blog/cold-email-illegal,International (IT),,0,0,0,0,Auto-translated IT page. 301 to EN equivalent.
301-KILL-INTL,/it/blog/cold-email-legale,/blog/cold-email-illegal,International (IT),,0,0,0,0,Auto-translated IT page. 301 to EN equivalent.
301-KILL-INTL,/it/blog/errori-prospezione-email,/blog/5-main-steps-for-an-effective-cold-email-marketing-strategy,International (IT),,0,0,0,0,Auto-translated IT page. 301 to EN equivalent.
301-KILL-INTL,/it/blog/follow-up-email-passo-passo,/blog/5-main-steps-for-an-effective-cold-email-marketing-strategy,International (IT),,0,0,0,0,Auto-translated IT page. 301 to EN equivalent.
301-KILL-INTL,/it/blog/sequenza-follow-up-email,/blog/5-main-steps-for-an-effective-cold-email-marketing-strategy,International (IT),,0,0,0,0,Auto-translated IT page. 301 to EN equivalent.
301-KILL-INTL,/it/blog/regole-cold-email,/blog/5-main-steps-for-an-effective-cold-email-marketing-strategy,International (IT),,0,0,0,0,Auto-translated IT page. 301 to EN equivalent.
301-KILL-INTL,/it/blog/checklist-cold-email,/blog/5-main-steps-for-an-effective-cold-email-marketing-strategy,International (IT),,0,0,0,0,Auto-translated IT page. 301 to EN equivalent.
301-KILL-INTL,/it/blog/oggetto-email-vendita-efficace,/blog/500-trigger-words,International (IT),,0,0,0,0,Auto-translated IT page. 301 to EN equivalent.
301-KILL-INTL,/it/blog/frasi-da-evitare-email-vendita,/blog/500-trigger-words,International (IT),,0,0,0,0,Auto-translated IT page. 301 to EN equivalent.
301-KILL-INTL,/it/blog/parole-spam-da-evitare,/blog/455-email-spam-trigger-words-avoid-2018,International (IT),,0,0,0,0,Auto-translated IT page. 301 to EN equivalent.
301-KILL-INTL,/it/blog/evitare-cartella-spam,/blog/455-email-spam-trigger-words-avoid-2018,International (IT),,0,0,0,0,Auto-translated IT page. 301 to EN equivalent.
301-KILL-INTL,/it/blog/outreach-linkedin-risposte,/blog/8-best-ai-linkedin-outreach-tools,International (IT),,0,0,0,0,Auto-translated IT page. 301 to EN equivalent.
301-KILL-INTL,/it/blog/guida-automazione-linkedin,/blog/the-ultimate-guide-to-linkedin-automation-boost-b2b-sales-in-2025,International (IT),,0,0,0,0,Auto-translated IT page. 301 to EN equivalent.
301-KILL-INTL,/it/blog/linkedin-vs-email-b2b,/blog/8-best-ai-linkedin-outreach-tools,International (IT),,0,0,0,0,Auto-translated IT page. 301 to EN equivalent.
301-KILL-INTL,/it/blog/prospezione-vendite-automazione,/blog/top-8-sales-prospecting-tools-for-small-business-teams,International (IT),,0,0,0,0,Auto-translated IT page. 301 to EN equivalent.
301-KILL-INTL,/it/blog/automazione-vendite-b2b,/blog/best-ai-sales-tools,International (IT),,0,0,0,0,Auto-translated IT page. 301 to EN equivalent.
301-KILL-INTL,/it/blog/ai-email-writer-cold-outreach-caso-studio,/blog/9-best-ai-email-outreach-tools,International (IT),,0,0,0,0,Auto-translated IT page. 301 to EN equivalent.
301-KILL-INTL,/it/blog/campagne-vendita-multicanale,/blog/9-best-ai-email-outreach-tools,International (IT),,0,0,0,0,Auto-translated IT page. 301 to EN equivalent.
301-KILL-INTL,/it/blog/copywriting-cold-email,/blog/500-trigger-words,International (IT),,0,0,0,0,Auto-translated IT page. 301 to EN equivalent.
301-KILL-INTL,/it/blog/link-nelle-email,/blog/best-practices-for-links-in-your-emails,International (IT),,0,0,0,0,Auto-translated IT page. 301 to EN equivalent.
301-KILL-INTL,/it/blog/scrivere-email-efficaci,/blog/whats-the-best-email-length-for-sales-outreach,International (IT),,0,0,0,0,Auto-translated IT page. 301 to EN equivalent.
301-KILL-INTL,/it/blog/cold-email-link-building,/blog/cold-emailing-link-building,International (IT),,0,0,0,0,Auto-translated IT page. 301 to EN equivalent.
301-KILL-INTL,/it/blog/statistiche-cold-email,/blog/cold-email-stats-2018,International (IT),,0,0,0,0,Auto-translated IT page. 301 to EN equivalent.
301-KILL-INTL,/it/blog/lunghezza-cold-email-ideale,/blog/whats-the-best-email-length-for-sales-outreach,International (IT),,0,0,0,0,Auto-translated IT page. 301 to EN equivalent.
301-KILL-INTL,/it/blog/ab-test-email-drip,/blog/5-main-steps-for-an-effective-cold-email-marketing-strategy,International (IT),,0,0,0,0,Auto-translated IT page. 301 to EN equivalent.
301-KILL-INTL,/it/blog/tracciamento-eventi-multipli,/blog,International (IT),,0,0,0,0,Product feature
301-KILL-INTL,/it/blog/integrazione-calendly,/blog,International (IT),,0,0,0,0,Product feature
301-KILL-INTL,/it/blog,/blog,International (IT),,0,0,0,0,Blog index
301-KILL-INTL,/de/blog/apollo-alternativen,/blog/apollo-alternatives,International (DE),,0,0,0,0,Dead (timeout)
301-KILL-INTL,/de/blog/overloop-vs-apollo-vergleich,/blog/apollo-alternatives,International (DE),,0,0,0,0,Dead (timeout)
301-KILL-INTL,/de/blog/overloop-ai-zukunft-vertrieb,/blog,International (DE),,0,0,0,0,Dead (timeout)
301-KILL-INTL,/de/blog/overloop-calendly-integration,/blog,International (DE),,0,0,0,0,Dead (timeout)
301-KILL-INTL,/de/blog/linkedin-outreach,/blog/8-best-ai-linkedin-outreach-tools,International (DE),,0,0,0,0,Dead (timeout)
301-KILL-INTL,/de/blog/linkedin-vs-e-mail-b2b-outreach,/blog/8-best-ai-linkedin-outreach-tools,International (DE),,0,0,0,0,Dead (timeout)
301-KILL-INTL,/de/blog/linkedin-helper-review,/blog/linkedin-helper-review,International (DE),,0,0,0,0,Dead (timeout)
301-KILL-INTL,/de/blog/linkedin-automatisierung-leitfaden,/blog/the-ultimate-guide-to-linkedin-automation-boost-b2b-sales-in-2025,International (DE),,0,0,0,0,Dead (timeout)
301-KILL-INTL,/de/blog/verkaufsprospektion-automatisierung,/blog/top-8-sales-prospecting-tools-for-small-business-teams,International (DE),,0,0,0,0,Dead (timeout)
301-KILL-INTL,/de/blog/e-mails-linkedin-profil-finden,/blog/get-email-from-linkedin-profile,International (DE),,0,0,0,0,Dead (timeout)
301-KILL-INTL,/de/blog/richtige-interessenten-finden,/blog/know-prospect-find,International (DE),,0,0,0,0,Dead (timeout)
